timestamp_utc,lat,lon,gps_utc,relative_bearing_deg,geographic_bearing_deg,cnn_confidence,method,wind_speed_mps
2026-05-26T19:02:58+00:00,,,,35.0,158.0,0.9961,SRP,0.0
2026-05-26T19:26:14+00:00,,,,236.0,359.0,0.8538,SRP,0.0
2026-05-26T19:27:52+00:00,,,,17.0,140.0,0.9187,SRP,0.0
2026-05-26T19:28:21+00:00,,,,17.0,140.0,0.7597,SRP,0.0
2026-05-26T19:29:36+00:00,,,,17.0,140.0,0.8611,SRP,0.0
2026-05-26T19:29:37+00:00,,,,17.0,140.0,1.0,SRP,0.0
2026-05-26T19:29:47+00:00,,,,262.0,25.0,0.8949,SRP,0.0
2026-05-26T19:29:47+00:00,,,,17.0,140.0,0.9948,SRP,0.0
2026-05-26T19:30:02+00:00,,,,215.0,338.0,0.9413,SRP,0.0
2026-05-26T19:32:41+00:00,,,,214.0,337.0,0.9432,SRP,0.0
2026-05-26T19:33:24+00:00,,,,8.0,131.0,0.8109,SRP,0.0
2026-05-26T19:34:57+00:00,,,,159.0,282.0,0.9447,SRP,0.0
2026-05-26T19:35:25+00:00,,,,56.0,179.0,0.9006,SRP,0.0
2026-05-26T20:40:30+00:00,,,,172.0,295.0,0.7953,SRP,0.0
2026-05-26T20:40:57+00:00,,,,172.0,295.0,0.985,SRP,0.0
2026-05-26T20:40:57+00:00,,,,236.0,359.0,0.869,SRP,0.0
2026-05-28T19:16:38+00:00,,,,188.0,311.0,0.9187,SRP,0.0
2026-05-28T19:19:58+00:00,,,,98.0,221.0,0.8349,SRP,0.0
2026-05-28T19:20:36+00:00,,,,159.0,282.0,0.9996,SRP,0.0
2026-05-28T19:20:36+00:00,,,,172.0,295.0,0.999,SRP,0.0
2026-05-28T19:20:37+00:00,,,,124.0,247.0,0.9992,SRP,0.0
2026-05-28T19:20:37+00:00,,,,98.0,221.0,0.9543,SRP,0.0
2026-05-28T19:21:00+00:00,,,,57.0,180.0,0.9781,SRP,0.0
2026-05-28T19:21:00+00:00,,,,146.0,269.0,0.9995,SRP,0.0
2026-05-28T19:21:01+00:00,,,,236.0,359.0,0.9968,SRP,0.0
2026-05-28T19:21:05+00:00,,,,215.0,338.0,0.9804,SRP,0.0
2026-05-28T19:21:05+00:00,,,,215.0,338.0,0.9978,SRP,0.0
2026-05-28T19:21:06+00:00,,,,215.0,338.0,0.7522,SRP,0.0
2026-05-28T19:21:06+00:00,,,,305.0,68.0,0.9398,SRP,0.0
2026-05-28T19:21:06+00:00,,,,305.0,68.0,0.9996,SRP,0.0
2026-05-28T19:21:07+00:00,,,,305.0,68.0,1.0,SRP,0.0
2026-05-28T19:21:07+00:00,,,,305.0,68.0,0.9879,SRP,0.0
2026-05-28T19:21:07+00:00,,,,305.0,68.0,0.7939,SRP,0.0
2026-05-28T19:21:11+00:00,,,,173.0,296.0,0.9787,SRP,0.0
2026-05-28T19:21:12+00:00,,,,173.0,296.0,0.8932,SRP,0.0
2026-05-28T19:21:14+00:00,,,,352.0,115.0,0.8346,SRP,0.0
2026-05-28T19:21:15+00:00,,,,107.0,230.0,0.9355,SRP,0.0
2026-05-28T19:21:16+00:00,,,,112.0,235.0,0.9822,SRP,0.0
2026-05-28T19:21:16+00:00,,,,59.0,182.0,0.9557,SRP,0.0
2026-05-28T19:21:16+00:00,,,,59.0,182.0,0.9837,SRP,0.0
2026-05-28T19:21:17+00:00,,,,215.0,338.0,0.9903,SRP,0.0
2026-05-28T19:21:18+00:00,,,,215.0,338.0,0.9966,SRP,0.0
2026-05-28T19:21:18+00:00,,,,215.0,338.0,0.9998,SRP,0.0
2026-05-28T19:21:18+00:00,,,,215.0,338.0,0.995,SRP,0.0
2026-05-28T19:21:28+00:00,,,,215.0,338.0,0.8443,SRP,0.0
2026-05-28T19:21:28+00:00,,,,215.0,338.0,0.9874,SRP,0.0
2026-05-28T19:21:28+00:00,,,,215.0,338.0,0.8743,SRP,0.0
2026-05-28T19:21:29+00:00,,,,215.0,338.0,0.9809,SRP,0.0
2026-05-28T19:21:29+00:00,,,,215.0,338.0,0.9971,SRP,0.0
2026-05-28T19:21:29+00:00,,,,215.0,338.0,0.9958,SRP,0.0
2026-05-28T19:21:30+00:00,,,,215.0,338.0,0.9993,SRP,0.0
2026-05-28T19:21:30+00:00,,,,215.0,338.0,0.9972,SRP,0.0
2026-05-28T19:21:30+00:00,,,,215.0,338.0,0.9998,SRP,0.0
2026-05-28T19:21:30+00:00,,,,215.0,338.0,0.9999,SRP,0.0
2026-05-28T19:21:31+00:00,,,,237.0,0.0,1.0,SRP,0.0
2026-05-28T19:21:31+00:00,,,,237.0,0.0,0.9979,SRP,0.0
2026-05-28T19:21:31+00:00,,,,237.0,0.0,0.9945,SRP,0.0
2026-05-28T19:21:31+00:00,,,,237.0,0.0,0.9997,SRP,0.0
2026-05-28T19:21:32+00:00,,,,237.0,0.0,0.981,SRP,0.0
2026-05-28T19:21:32+00:00,,,,237.0,0.0,0.934,SRP,0.0
2026-05-28T19:21:32+00:00,,,,215.0,338.0,0.976,SRP,0.0
2026-05-28T19:21:33+00:00,,,,125.0,248.0,0.9817,SRP,0.0
2026-05-28T19:21:33+00:00,,,,125.0,248.0,0.9983,SRP,0.0
2026-05-28T19:21:33+00:00,,,,125.0,248.0,0.9549,SRP,0.0
2026-05-28T19:21:42+00:00,,,,99.0,222.0,1.0,SRP,0.0
2026-05-28T19:21:49+00:00,,,,305.0,68.0,0.9978,SRP,0.0
2026-05-28T19:21:56+00:00,,,,329.0,92.0,0.9945,SRP,0.0
2026-05-28T19:22:41+00:00,,,,122.0,245.0,0.9992,SRP,0.0
2026-05-28T19:23:07+00:00,,,,82.0,205.0,0.9621,SRP,0.0
2026-05-28T19:23:49+00:00,,,,122.0,245.0,0.971,SRP,0.0
2026-05-28T19:23:49+00:00,,,,124.0,247.0,0.9997,SRP,0.0
2026-05-28T19:23:50+00:00,,,,122.0,245.0,0.9634,SRP,0.0
2026-05-28T19:23:51+00:00,,,,34.0,157.0,0.7905,SRP,0.0
2026-05-28T19:24:08+00:00,,,,188.0,311.0,0.8404,SRP,0.0
2026-05-28T19:24:51+00:00,,,,197.0,320.0,0.982,SRP,0.0
2026-05-28T19:24:52+00:00,,,,82.0,205.0,0.9649,SRP,0.0
2026-05-28T19:24:57+00:00,,,,172.0,295.0,0.7977,SRP,0.0
2026-05-28T19:25:31+00:00,,,,254.0,17.0,0.8534,SRP,0.0
2026-05-28T19:27:06+00:00,,,,164.0,287.0,0.9839,SRP,0.0
2026-05-28T19:31:53+00:00,,,,262.0,25.0,0.7997,SRP,0.0
2026-05-28T19:32:42+00:00,,,,172.0,295.0,0.8919,SRP,0.0
2026-05-28T19:33:30+00:00,30.412626166666666,-87.2088665,19:33:30+00:00,0.0,123.0,0.8898,SRP,0.0,30.412136,-87.207992,100
2026-05-28T19:33:49+00:00,30.4126245,-87.208884,19:33:49+00:00,278.0,41.0,0.9663,SRP,0.0,30.413303,-87.2082,100
2026-05-28T19:34:06+00:00,30.412619166666666,-87.20890383333334,19:34:06+00:00,82.0,205.0,0.9967,SRP,0.0,30.411804,-87.209345,100
2026-05-28T19:34:07+00:00,30.412619166666666,-87.20890383333334,19:34:06+00:00,278.0,41.0,0.8069,SRP,0.0,30.413298,-87.20822,100
2026-05-28T19:35:08+00:00,30.412580666666667,-87.2089145,19:35:08+00:00,237.0,0.0,0.918,SRP,0.0,30.41348,-87.208915,100
2026-05-28T19:35:09+00:00,30.412580666666667,-87.2089145,19:35:08+00:00,237.0,0.0,0.9999,SRP,0.0,30.41348,-87.208915,100
2026-05-28T19:35:09+00:00,30.412592666666665,-87.20891266666666,19:35:09+00:00,125.0,248.0,1.0,SRP,0.0,30.412256,-87.20988,100
2026-05-28T19:35:10+00:00,30.412592666666665,-87.20891266666666,19:35:09+00:00,0.0,123.0,0.9957,SRP,0.0,30.412103,-87.208038,100
2026-05-28T19:35:11+00:00,30.412598833333334,-87.20891933333333,19:35:11+00:00,0.0,123.0,0.9996,SRP,0.0,30.412109,-87.208045,100
2026-05-28T19:35:12+00:00,30.412598833333334,-87.20891933333333,19:35:11+00:00,125.0,248.0,1.0,SRP,0.0,30.412262,-87.209886,100
2026-05-28T19:35:12+00:00,30.412597166666668,-87.208922,19:35:12+00:00,125.0,248.0,0.9984,SRP,0.0,30.41226,-87.209889,100
2026-05-28T19:35:14+00:00,30.412596333333333,-87.20892316666666,19:35:13+00:00,125.0,248.0,0.8596,SRP,0.0,30.412259,-87.20989,100
2026-05-28T19:35:14+00:00,30.412596,-87.20892283333333,19:35:14+00:00,99.0,222.0,0.9999,SRP,0.0,30.411928,-87.209621,100
2026-05-28T19:35:15+00:00,30.4125955,-87.20892283333333,19:35:15+00:00,146.0,269.0,1.0,SRP,0.0,30.41258,-87.209965,100
2026-05-28T19:35:16+00:00,30.4125955,-87.20892283333333,19:35:15+00:00,149.0,272.0,1.0,SRP,0.0,30.412627,-87.209965,100
2026-05-28T19:35:16+00:00,30.412595166666666,-87.20892266666667,19:35:16+00:00,302.0,65.0,0.9999,SRP,0.0,30.412975,-87.207978,100
2026-05-28T19:35:17+00:00,30.412595166666666,-87.20892266666667,19:35:16+00:00,302.0,65.0,1.0,SRP,0.0,30.412975,-87.207978,100
2026-05-28T19:35:17+00:00,30.412595,-87.2089225,19:35:17+00:00,202.0,325.0,0.9999,SRP,0.0,30.413332,-87.209521,100
2026-05-28T19:35:18+00:00,30.412595,-87.2089225,19:35:17+00:00,197.0,320.0,1.0,SRP,0.0,30.413284,-87.209593,100
2026-05-28T19:35:18+00:00,30.412594666666667,-87.20892233333333,19:35:18+00:00,164.0,287.0,0.9934,SRP,0.0,30.412858,-87.20992,100
2026-05-28T19:35:19+00:00,30.412594666666667,-87.20892233333333,19:35:18+00:00,172.0,295.0,0.9871,SRP,0.0,30.412975,-87.209867,100
2026-05-28T19:35:20+00:00,30.412593666666666,-87.20892183333333,19:35:20+00:00,202.0,325.0,0.9931,SRP,0.0,30.41333,-87.20952,100
2026-05-28T19:35:21+00:00,30.412593666666666,-87.20892183333333,19:35:20+00:00,202.0,325.0,0.9997,SRP,0.0,30.41333,-87.20952,100
2026-05-28T19:35:25+00:00,30.41259133333333,-87.2089195,19:35:24+00:00,8.0,131.0,0.9992,SRP,0.0,30.412001,-87.208132,100
2026-05-28T19:35:25+00:00,30.412590666666667,-87.208919,19:35:25+00:00,8.0,131.0,0.9999,SRP,0.0,30.412001,-87.208132,100
2026-05-28T19:35:29+00:00,30.412589,-87.20891733333333,19:35:28+00:00,112.0,235.0,0.9996,SRP,0.0,30.412073,-87.209772,100
2026-05-28T19:36:03+00:00,30.4125815,-87.2088925,19:36:03+00:00,292.0,55.0,0.9997,SRP,0.0,30.413097,-87.208038,100
2026-05-28T19:36:31+00:00,,,,98.0,221.0,0.9859,SRP,0.0,,,100
2026-05-28T19:36:31+00:00,30.412574,-87.20885966666667,19:36:31+00:00,99.0,222.0,1.0,SRP,0.0,30.411906,-87.209557,100
2026-05-28T19:36:31+00:00,,,,99.0,222.0,1.0,SRP,0.0,,,100
2026-05-28T19:36:32+00:00,30.412574,-87.20885966666667,19:36:31+00:00,99.0,222.0,0.9989,SRP,0.0,30.411906,-87.209557,100
2026-05-28T19:36:32+00:00,,,,98.0,221.0,0.9998,SRP,0.0,,,100
2026-05-28T19:36:32+00:00,30.412574,-87.2088595,19:36:32+00:00,98.0,221.0,0.9893,SRP,0.0,30.411895,-87.209544,100
2026-05-28T19:36:32+00:00,,,,98.0,221.0,0.9997,SRP,0.0,,,100
2026-05-28T19:36:33+00:00,30.412574,-87.2088595,19:36:32+00:00,82.0,205.0,0.9997,SRP,0.0,30.411759,-87.2093,100
2026-05-28T19:36:33+00:00,,,,34.0,157.0,0.9999,SRP,0.0,,,100
2026-05-28T19:36:34+00:00,30.412562666666666,-87.20884716666667,19:36:34+00:00,0.0,123.0,0.9981,SRP,0.0,30.412073,-87.207973,100
2026-05-28T19:36:34+00:00,,,,352.0,115.0,0.9995,SRP,0.0,,,100
2026-05-28T19:36:35+00:00,30.412562666666666,-87.20884716666667,19:36:34+00:00,352.0,115.0,0.9418,SRP,0.0,30.412183,-87.207902,100
2026-05-28T19:36:35+00:00,,,,352.0,115.0,0.8994,SRP,0.0,,,100
2026-05-28T19:36:36+00:00,,,,0.0,123.0,0.9192,SRP,0.0,,,100
2026-05-28T19:36:37+00:00,30.412563333333335,-87.20884266666667,19:36:36+00:00,0.0,123.0,0.8146,SRP,0.0,30.412074,-87.207968,100
2026-05-28T19:36:40+00:00,30.41255616666667,-87.208847,19:36:39+00:00,305.0,68.0,0.9781,SRP,0.0,30.412893,-87.20788,100
2026-05-28T19:36:40+00:00,,,,215.0,338.0,0.9988,SRP,0.0,,,100
2026-05-28T19:36:41+00:00,30.41255616666667,-87.20884416666667,19:36:41+00:00,159.0,282.0,0.8319,SRP,0.0,30.412743,-87.209864,100
2026-05-28T19:36:44+00:00,30.4125565,-87.2088465,19:36:43+00:00,278.0,41.0,1.0,SRP,0.0,30.413235,-87.208162,100
2026-05-28T19:36:44+00:00,,,,278.0,41.0,1.0,SRP,0.0,,,100
2026-05-28T19:36:44+00:00,30.4125595,-87.20883666666667,19:36:44+00:00,278.0,41.0,1.0,SRP,0.0,30.413238,-87.208153,100
2026-05-28T19:36:44+00:00,,,,287.0,50.0,1.0,SRP,0.0,,,100
2026-05-28T19:36:45+00:00,,,,172.0,295.0,0.7538,SRP,0.0,,,100
2026-05-28T19:36:45+00:00,30.412559666666667,-87.20883866666667,19:36:45+00:00,172.0,295.0,0.8255,SRP,0.0,30.41294,-87.209784,100
2026-05-28T19:36:45+00:00,,,,172.0,295.0,0.9869,SRP,0.0,,,100
2026-05-28T19:36:49+00:00,30.412559166666668,-87.2088425,19:36:48+00:00,8.0,131.0,0.7672,SRP,0.0,30.411969,-87.208055,100
2026-05-28T19:36:49+00:00,30.412559166666668,-87.20884316666667,19:36:49+00:00,122.0,245.0,0.998,SRP,0.0,30.412179,-87.209788,100
2026-05-28T19:36:49+00:00,,,,122.0,245.0,0.999,SRP,0.0,,,100
2026-05-28T19:36:50+00:00,30.412559166666668,-87.20884316666667,19:36:49+00:00,122.0,245.0,0.9816,SRP,0.0,30.412179,-87.209788,100
2026-05-28T19:36:50+00:00,,,,122.0,245.0,0.9895,SRP,0.0,,,100
2026-05-28T19:36:50+00:00,30.412559166666668,-87.20884416666667,19:36:50+00:00,17.0,140.0,0.9946,SRP,0.0,30.41187,-87.208174,100
2026-05-28T19:36:50+00:00,,,,122.0,245.0,0.9849,SRP,0.0,,,100
2026-05-28T19:36:51+00:00,30.412559166666668,-87.20884416666667,19:36:50+00:00,237.0,0.0,0.9432,SRP,0.0,30.413458,-87.208844,100
2026-05-28T19:36:51+00:00,,,,237.0,0.0,0.8869,SRP,0.0,,,100
2026-05-28T19:37:07+00:00,30.412553166666665,-87.20884233333334,19:37:07+00:00,112.0,235.0,0.9478,SRP,0.0,30.412037,-87.209697,100
2026-05-28T19:37:07+00:00,,,,112.0,235.0,0.8113,SRP,0.0,,,100
2026-05-28T19:37:08+00:00,30.412553166666665,-87.20884233333334,19:37:07+00:00,112.0,235.0,1.0,SRP,0.0,30.412037,-87.209697,100
2026-05-28T19:37:08+00:00,,,,112.0,235.0,1.0,SRP,0.0,,,100
2026-05-28T19:37:08+00:00,30.412553166666665,-87.2088425,19:37:08+00:00,112.0,235.0,1.0,SRP,0.0,30.412037,-87.209697,100
2026-05-28T19:37:08+00:00,,,,112.0,235.0,1.0,SRP,0.0,,,100
2026-05-28T19:37:09+00:00,30.412553166666665,-87.2088425,19:37:08+00:00,237.0,0.0,1.0,SRP,0.0,30.413452,-87.208843,100
2026-05-28T19:37:09+00:00,,,,237.0,0.0,1.0,SRP,0.0,,,100
2026-05-28T19:37:09+00:00,30.412553,-87.20884283333334,19:37:09+00:00,237.0,0.0,0.9597,SRP,0.0,30.413452,-87.208843,100
2026-05-28T19:37:09+00:00,,,,237.0,0.0,0.9959,SRP,0.0,,,100
2026-05-28T19:37:10+00:00,30.412553,-87.20884283333334,19:37:09+00:00,237.0,0.0,0.998,SRP,0.0,30.413452,-87.208843,100
2026-05-28T19:37:10+00:00,,,,237.0,0.0,1.0,SRP,0.0,,,100
2026-05-28T19:37:10+00:00,30.412552833333333,-87.20884316666667,19:37:10+00:00,237.0,0.0,0.9966,SRP,0.0,30.413452,-87.208843,100
2026-05-28T19:37:10+00:00,,,,237.0,0.0,0.9908,SRP,0.0,,,100
2026-05-28T19:37:11+00:00,30.412552833333333,-87.20884316666667,19:37:10+00:00,237.0,0.0,0.9994,SRP,0.0,30.413452,-87.208843,100
2026-05-28T19:37:11+00:00,,,,237.0,0.0,0.9989,SRP,0.0,,,100
2026-05-28T19:37:12+00:00,,,,122.0,245.0,0.9132,SRP,0.0,,,100
2026-05-28T19:37:14+00:00,30.412551333333333,-87.20884333333333,19:37:14+00:00,112.0,235.0,0.9918,SRP,0.0,30.412036,-87.209698,100
2026-05-28T19:37:14+00:00,,,,122.0,245.0,0.9998,SRP,0.0,,,100
2026-05-28T19:37:15+00:00,30.412551333333333,-87.20884333333333,19:37:14+00:00,122.0,245.0,1.0,SRP,0.0,30.412171,-87.209788,100
2026-05-28T19:37:16+00:00,30.412551,-87.2088435,19:37:15+00:00,329.0,92.0,0.7805,SRP,0.0,30.41252,-87.207801,100
2026-05-28T19:37:16+00:00,,,,237.0,0.0,0.9996,SRP,0.0,,,100
2026-05-28T19:37:52+00:00,30.412555666666666,-87.20883366666666,19:37:52+00:00,146.0,269.0,0.9999,SRP,0.0,30.41254,-87.209876,100
2026-05-28T19:37:57+00:00,30.412553666666668,-87.208829,19:37:56+00:00,124.0,247.0,0.8432,SRP,0.0,30.412202,-87.209789,100
2026-05-28T19:38:05+00:00,30.412554666666665,-87.20882483333334,19:38:05+00:00,262.0,25.0,0.8384,SRP,0.0,30.41337,-87.208384,100
2026-05-28T19:38:16+00:00,30.412559,-87.2087995,19:38:16+00:00,172.0,295.0,0.9776,SRP,0.0,30.412939,-87.209745,100
2026-05-28T19:38:30+00:00,30.412557833333334,-87.20880966666667,19:38:29+00:00,239.0,2.0,0.8637,SRP,0.0,30.413457,-87.208773,100
2026-05-28T19:38:33+00:00,30.412558333333333,-87.20880833333334,19:38:32+00:00,262.0,25.0,0.93,SRP,0.0,30.413373,-87.208368,100
2026-05-28T19:38:48+00:00,30.412560833333334,-87.208815,19:38:47+00:00,304.0,67.0,0.9435,SRP,0.0,30.412912,-87.207855,100
2026-05-28T19:38:48+00:00,30.412558333333333,-87.20881866666667,19:38:48+00:00,124.0,247.0,1.0,SRP,0.0,30.412207,-87.209779,100
2026-05-28T19:38:49+00:00,30.412558333333333,-87.20881866666667,19:38:48+00:00,304.0,67.0,1.0,SRP,0.0,30.41291,-87.207859,100
2026-05-28T19:39:33+00:00,30.412573333333334,-87.20880966666667,19:39:33+00:00,56.0,179.0,0.9191,SRP,0.0,30.411674,-87.208791,100
2026-05-28T19:39:46+00:00,30.412577833333334,-87.2088005,19:39:45+00:00,35.0,158.0,0.984,SRP,0.0,30.411744,-87.20841,100
2026-05-28T19:39:47+00:00,30.412577666666667,-87.2087975,19:39:47+00:00,305.0,68.0,0.9999,SRP,0.0,30.412915,-87.207831,100
2026-05-28T19:39:48+00:00,30.412577666666667,-87.2087975,19:39:47+00:00,326.0,89.0,0.9796,SRP,0.0,30.412593,-87.207755,100
2026-05-28T19:39:48+00:00,30.412578166666666,-87.20880283333334,19:39:48+00:00,147.0,270.0,0.9859,SRP,0.0,30.412578,-87.209846,100
2026-05-28T19:39:51+00:00,30.412579,-87.20880183333334,19:39:50+00:00,159.0,282.0,1.0,SRP,0.0,30.412766,-87.209822,100
2026-05-28T19:39:51+00:00,30.4125795,-87.2088015,19:39:51+00:00,125.0,248.0,0.9552,SRP,0.0,30.412243,-87.209768,100
2026-05-28T19:40:05+00:00,30.412581666666668,-87.208795,19:40:04+00:00,188.0,311.0,0.9993,SRP,0.0,30.413172,-87.209582,100
2026-05-28T19:40:05+00:00,30.4125815,-87.208795,19:40:05+00:00,74.0,197.0,0.9158,SRP,0.0,30.411721,-87.2091,100
2026-05-28T19:40:11+00:00,30.4125815,-87.208795,19:40:10+00:00,82.0,205.0,0.9999,SRP,0.0,30.411766,-87.209236,100
2026-05-28T19:40:11+00:00,30.4125815,-87.208795,19:40:11+00:00,57.0,180.0,0.9942,SRP,0.0,30.411682,-87.208795,100
2026-05-28T19:40:26+00:00,30.412584,-87.20880083333333,19:40:25+00:00,287.0,50.0,0.8104,SRP,0.0,30.413162,-87.208002,100
2026-05-28T19:40:35+00:00,30.412585833333335,-87.208805,19:40:35+00:00,59.0,182.0,0.9944,SRP,0.0,30.411687,-87.208841,100
2026-05-28T19:40:36+00:00,30.412585833333335,-87.208805,19:40:35+00:00,82.0,205.0,1.0,SRP,0.0,30.411771,-87.209246,100
2026-05-28T19:40:36+00:00,30.412586166666667,-87.2088055,19:40:36+00:00,173.0,296.0,0.9912,SRP,0.0,30.41298,-87.209743,100
2026-05-28T19:40:37+00:00,30.412586166666667,-87.2088055,19:40:36+00:00,188.0,311.0,0.9284,SRP,0.0,30.413176,-87.209593,100
2026-05-28T19:40:37+00:00,30.4125865,-87.208806,19:40:37+00:00,188.0,311.0,0.9997,SRP,0.0,30.413177,-87.209593,100
2026-05-28T19:40:38+00:00,30.4125865,-87.208806,19:40:37+00:00,74.0,197.0,1.0,SRP,0.0,30.411726,-87.209111,100
2026-05-28T19:40:38+00:00,30.412586666666666,-87.2088065,19:40:38+00:00,122.0,245.0,0.9976,SRP,0.0,30.412207,-87.209752,100
2026-05-28T19:41:38+00:00,30.41258283333333,-87.20878266666666,19:41:37+00:00,159.0,282.0,0.8335,SRP,0.0,30.41277,-87.209803,100
2026-05-28T19:42:43+00:00,30.412593166666667,-87.208756,19:42:43+00:00,17.0,140.0,0.7898,SRP,0.0,30.411904,-87.208086,100
2026-05-28T19:43:07+00:00,30.412593666666666,-87.20876083333333,19:43:06+00:00,82.0,205.0,0.9466,SRP,0.0,30.411779,-87.209202,100
2026-05-28T19:43:07+00:00,30.412594333333335,-87.2087615,19:43:07+00:00,172.0,295.0,1.0,SRP,0.0,30.412974,-87.209707,100
2026-05-28T19:43:31+00:00,30.412601,-87.20876533333333,19:43:30+00:00,35.0,158.0,0.8465,SRP,0.0,30.411767,-87.208375,100
2026-05-28T19:43:31+00:00,30.412601,-87.2087655,19:43:31+00:00,188.0,311.0,0.9852,SRP,0.0,30.413191,-87.209553,100
2026-05-28T19:43:58+00:00,30.412599,-87.20876716666666,19:43:57+00:00,122.0,245.0,0.9011,SRP,0.0,30.412219,-87.209712,100
2026-05-28T19:43:58+00:00,30.412598666666668,-87.208767,19:43:58+00:00,172.0,295.0,0.9991,SRP,0.0,30.412979,-87.209712,100
2026-05-28T19:43:59+00:00,30.412598666666668,-87.208767,19:43:58+00:00,122.0,245.0,1.0,SRP,0.0,30.412219,-87.209712,100
2026-05-28T19:44:20+00:00,30.412603833333332,-87.208754,19:44:20+00:00,237.0,0.0,0.9253,SRP,0.0,30.413503,-87.208754,100
2026-05-28T19:44:25+00:00,30.412604,-87.20875733333334,19:44:25+00:00,122.0,245.0,1.0,SRP,0.0,30.412224,-87.209702,100
2026-05-28T19:44:26+00:00,30.412604,-87.20875733333334,19:44:25+00:00,215.0,338.0,0.9989,SRP,0.0,30.413438,-87.209148,100
2026-05-28T19:44:28+00:00,30.412608,-87.20875283333334,19:44:27+00:00,82.0,205.0,0.8011,SRP,0.0,30.411793,-87.209194,100
2026-05-28T19:44:28+00:00,30.412609166666666,-87.2087595,19:44:28+00:00,159.0,282.0,0.9438,SRP,0.0,30.412796,-87.20978,100
2026-05-28T19:44:29+00:00,30.412609,-87.208765,19:44:29+00:00,107.0,230.0,0.9947,SRP,0.0,30.412031,-87.209564,100
2026-05-28T19:44:30+00:00,30.412609,-87.208765,19:44:29+00:00,124.0,247.0,0.846,SRP,0.0,30.412258,-87.209725,100
2026-05-28T19:44:56+00:00,30.4125995,-87.2088085,19:44:56+00:00,172.0,295.0,0.9927,SRP,0.0,30.41298,-87.209754,100
2026-05-28T19:45:01+00:00,30.4125905,-87.2088125,19:45:00+00:00,172.0,295.0,0.9199,SRP,0.0,30.412971,-87.209758,100
2026-05-28T19:45:03+00:00,30.412588833333334,-87.20881266666666,19:45:02+00:00,56.0,179.0,1.0,SRP,0.0,30.41169,-87.208794,100
2026-05-28T19:45:03+00:00,30.412588166666666,-87.20881266666666,19:45:03+00:00,159.0,282.0,1.0,SRP,0.0,30.412775,-87.209833,100
2026-05-28T19:45:04+00:00,30.412588166666666,-87.20881266666666,19:45:03+00:00,56.0,179.0,1.0,SRP,0.0,30.411689,-87.208794,100
2026-05-28T19:45:04+00:00,30.412588,-87.20881266666666,19:45:04+00:00,56.0,179.0,0.9995,SRP,0.0,30.411689,-87.208794,100
2026-05-28T19:45:05+00:00,30.412587833333333,-87.20881266666666,19:45:05+00:00,172.0,295.0,0.9998,SRP,0.0,30.412968,-87.209758,100
2026-05-28T19:45:06+00:00,30.412587833333333,-87.20881266666666,19:45:05+00:00,172.0,295.0,0.9993,SRP,0.0,30.412968,-87.209758,100
2026-05-28T19:45:06+00:00,30.412587666666667,-87.2088125,19:45:06+00:00,159.0,282.0,0.999,SRP,0.0,30.412775,-87.209833,100
2026-05-28T19:45:15+00:00,30.412584666666667,-87.2088165,19:45:15+00:00,188.0,311.0,0.9958,SRP,0.0,30.413175,-87.209604,100
2026-05-28T19:45:45+00:00,30.4125765,-87.20881233333333,19:45:44+00:00,82.0,205.0,0.8528,SRP,0.0,30.411761,-87.209253,100
2026-05-28T19:45:48+00:00,30.412576833333333,-87.20881033333333,19:45:48+00:00,124.0,247.0,1.0,SRP,0.0,30.412225,-87.20977,100
2026-05-28T19:45:55+00:00,30.412578333333332,-87.208809,19:45:54+00:00,188.0,311.0,1.0,SRP,0.0,30.413168,-87.209596,100
2026-05-28T19:46:36+00:00,30.4125795,-87.2088065,19:46:35+00:00,56.0,179.0,0.9477,SRP,0.0,30.41168,-87.208788,100
2026-05-28T19:46:36+00:00,30.412579666666666,-87.20880683333333,19:46:36+00:00,82.0,205.0,0.9986,SRP,0.0,30.411765,-87.209248,100
2026-05-28T19:46:44+00:00,30.412577833333334,-87.20880833333334,19:46:44+00:00,254.0,17.0,0.9861,SRP,0.0,30.413438,-87.208503,100
2026-05-28T19:46:45+00:00,30.412577833333334,-87.20880833333334,19:46:44+00:00,0.0,123.0,0.9994,SRP,0.0,30.412088,-87.207934,100
2026-05-28T19:46:53+00:00,30.412578166666666,-87.2088155,19:46:52+00:00,278.0,41.0,0.9994,SRP,0.0,30.413257,-87.208131,100
2026-05-28T19:48:13+00:00,30.412613166666667,-87.20879966666666,19:48:12+00:00,8.0,131.0,1.0,SRP,0.0,30.412023,-87.208013,100
2026-05-28T19:48:13+00:00,30.412613666666665,-87.20879883333333,19:48:13+00:00,278.0,41.0,0.9906,SRP,0.0,30.413292,-87.208115,100
2026-05-28T19:48:32+00:00,30.412621166666668,-87.20877883333333,19:48:32+00:00,125.0,248.0,0.9007,SRP,0.0,30.412284,-87.209746,100
2026-05-28T19:49:52+00:00,30.412617166666667,-87.20877216666666,19:49:51+00:00,122.0,245.0,0.998,SRP,0.0,30.412237,-87.209717,100
2026-05-28T19:49:52+00:00,30.412607333333334,-87.20876916666667,19:49:52+00:00,122.0,245.0,1.0,SRP,0.0,30.412227,-87.209714,100
2026-05-28T19:49:53+00:00,30.412607333333334,-87.20876916666667,19:49:52+00:00,237.0,0.0,1.0,SRP,0.0,30.413507,-87.208769,100
2026-05-28T19:49:53+00:00,30.41260533333333,-87.20877416666667,19:49:53+00:00,237.0,0.0,1.0,SRP,0.0,30.413505,-87.208774,100
2026-05-28T19:49:54+00:00,30.41260533333333,-87.20877416666667,19:49:53+00:00,237.0,0.0,1.0,SRP,0.0,30.413505,-87.208774,100
2026-05-28T19:49:54+00:00,30.412604333333334,-87.20877316666666,19:49:54+00:00,237.0,0.0,0.9831,SRP,0.0,30.413504,-87.208773,100
2026-05-28T19:49:55+00:00,30.412604333333334,-87.20877316666666,19:49:54+00:00,237.0,0.0,0.929,SRP,0.0,30.413504,-87.208773,100
2026-05-28T19:49:56+00:00,30.412604,-87.2087735,19:49:56+00:00,112.0,235.0,0.9996,SRP,0.0,30.412088,-87.209628,100
2026-05-28T19:49:57+00:00,30.412604,-87.2087735,19:49:56+00:00,237.0,0.0,0.9969,SRP,0.0,30.413503,-87.208774,100
2026-05-28T19:49:57+00:00,30.412603833333332,-87.20877333333334,19:49:57+00:00,112.0,235.0,0.9659,SRP,0.0,30.412088,-87.209628,100
2026-05-28T19:49:58+00:00,30.412603833333332,-87.20877333333334,19:49:57+00:00,237.0,0.0,0.9553,SRP,0.0,30.413503,-87.208773,100
2026-05-28T19:49:58+00:00,30.412603666666666,-87.208773,19:49:58+00:00,237.0,0.0,0.9759,SRP,0.0,30.413503,-87.208773,100
2026-05-28T19:50:01+00:00,30.412603166666667,-87.2087725,19:50:00+00:00,0.0,123.0,0.8273,SRP,0.0,30.412113,-87.207898,100
2026-05-28T19:50:04+00:00,30.4126025,-87.20877583333333,19:50:04+00:00,125.0,248.0,0.9613,SRP,0.0,30.412266,-87.209743,100
2026-05-28T19:50:05+00:00,30.4126025,-87.20877583333333,19:50:04+00:00,125.0,248.0,0.9956,SRP,0.0,30.412266,-87.209743,100
2026-05-28T19:50:05+00:00,30.4126025,-87.20877533333334,19:50:05+00:00,305.0,68.0,0.9996,SRP,0.0,30.412939,-87.207808,100
2026-05-28T19:50:06+00:00,30.4126025,-87.20877533333334,19:50:05+00:00,304.0,67.0,0.9816,SRP,0.0,30.412954,-87.207815,100
2026-05-28T19:50:22+00:00,30.4126065,-87.208776,19:50:22+00:00,305.0,68.0,0.9976,SRP,0.0,30.412943,-87.207809,100
2026-05-28T19:50:23+00:00,30.4126065,-87.208776,19:50:22+00:00,305.0,68.0,0.9945,SRP,0.0,30.412943,-87.207809,100
2026-05-28T19:50:23+00:00,30.412607333333334,-87.20877666666667,19:50:23+00:00,215.0,338.0,1.0,SRP,0.0,30.413441,-87.209167,100
2026-05-28T19:50:24+00:00,30.412607333333334,-87.20877666666667,19:50:23+00:00,237.0,0.0,1.0,SRP,0.0,30.413507,-87.208777,100
2026-05-28T19:50:24+00:00,30.412611666666667,-87.2087755,19:50:24+00:00,99.0,222.0,0.9943,SRP,0.0,30.411943,-87.209473,100
2026-05-28T19:50:25+00:00,30.412611666666667,-87.2087755,19:50:24+00:00,125.0,248.0,0.9988,SRP,0.0,30.412275,-87.209742,100
2026-05-28T19:50:25+00:00,30.412613,-87.20877533333334,19:50:25+00:00,125.0,248.0,0.9999,SRP,0.0,30.412276,-87.209742,100
2026-05-28T19:50:26+00:00,30.412613,-87.20877533333334,19:50:25+00:00,125.0,248.0,1.0,SRP,0.0,30.412276,-87.209742,100
2026-05-28T19:50:26+00:00,30.412614,-87.20877483333334,19:50:26+00:00,125.0,248.0,1.0,SRP,0.0,30.412277,-87.209742,100
2026-05-28T19:50:27+00:00,30.412614,-87.20877483333334,19:50:26+00:00,125.0,248.0,1.0,SRP,0.0,30.412277,-87.209742,100
2026-05-28T19:50:27+00:00,30.412615166666665,-87.20877433333334,19:50:27+00:00,56.0,179.0,1.0,SRP,0.0,30.411716,-87.208756,100
2026-05-28T19:50:28+00:00,30.412615166666665,-87.20877433333334,19:50:27+00:00,56.0,179.0,0.9881,SRP,0.0,30.411716,-87.208756,100
2026-05-28T19:50:28+00:00,30.4126165,-87.20877433333334,19:50:28+00:00,0.0,123.0,0.8447,SRP,0.0,30.412127,-87.2079,100
2026-05-28T19:50:51+00:00,30.412624833333332,-87.20877,19:50:51+00:00,98.0,221.0,0.9878,SRP,0.0,30.411946,-87.209454,100
2026-05-28T19:50:52+00:00,30.412624833333332,-87.20877,19:50:51+00:00,125.0,248.0,0.784,SRP,0.0,30.412288,-87.209737,100
2026-05-28T19:51:38+00:00,30.412634333333333,-87.208773,19:51:38+00:00,188.0,311.0,0.9875,SRP,0.0,30.413224,-87.20956,100
2026-05-28T19:51:54+00:00,30.4126335,-87.20877666666667,19:51:54+00:00,107.0,230.0,1.0,SRP,0.0,30.412055,-87.209576,100
2026-05-28T19:53:08+00:00,30.412622166666665,-87.20878066666667,19:53:08+00:00,352.0,115.0,0.9995,SRP,0.0,30.412242,-87.207836,100
2026-05-28T19:53:12+00:00,30.412622,-87.20878,19:53:11+00:00,124.0,247.0,0.9603,SRP,0.0,30.412271,-87.20974,100
2026-05-28T19:53:59+00:00,30.412634333333333,-87.20875866666667,19:53:58+00:00,124.0,247.0,0.9296,SRP,0.0,30.412283,-87.209719,100
2026-05-28T19:54:20+00:00,30.412633666666668,-87.208758,19:54:19+00:00,263.0,26.0,1.0,SRP,0.0,30.413442,-87.208301,100
2026-05-28T19:54:34+00:00,30.412634333333333,-87.2087585,19:54:34+00:00,305.0,68.0,1.0,SRP,0.0,30.412971,-87.207792,100
2026-05-28T19:54:35+00:00,30.412634333333333,-87.2087585,19:54:34+00:00,305.0,68.0,0.9999,SRP,0.0,30.412971,-87.207792,100
2026-05-28T19:54:35+00:00,30.412634333333333,-87.2087585,19:54:35+00:00,344.0,107.0,0.9989,SRP,0.0,30.412371,-87.207761,100
2026-05-28T19:54:48+00:00,30.412634,-87.20876116666666,19:54:47+00:00,159.0,282.0,0.9984,SRP,0.0,30.412821,-87.209781,100
2026-05-28T19:54:54+00:00,30.41263216666667,-87.20876533333333,19:54:54+00:00,82.0,205.0,0.8764,SRP,0.0,30.411817,-87.209206,100
2026-05-28T19:54:55+00:00,30.41263216666667,-87.20876533333333,19:54:54+00:00,188.0,311.0,0.9999,SRP,0.0,30.413222,-87.209552,100
2026-05-28T19:54:59+00:00,30.41263216666667,-87.2087675,19:54:59+00:00,302.0,65.0,0.9937,SRP,0.0,30.413012,-87.207822,100
2026-05-28T19:55:07+00:00,30.412633333333332,-87.20876933333334,19:55:06+00:00,122.0,245.0,0.9288,SRP,0.0,30.412253,-87.209714,100
2026-05-28T19:55:09+00:00,30.412634166666667,-87.20876983333333,19:55:09+00:00,125.0,248.0,0.9773,SRP,0.0,30.412297,-87.209737,100
2026-05-28T19:55:39+00:00,30.412635166666668,-87.208774,19:55:39+00:00,279.0,42.0,0.9131,SRP,0.0,30.413303,-87.208076,100
2026-05-28T19:56:25+00:00,30.412635833333333,-87.208771,19:56:24+00:00,112.0,235.0,1.0,SRP,0.0,30.41212,-87.209625,100
2026-05-28T19:56:25+00:00,30.412634666666666,-87.20878233333333,19:56:25+00:00,124.0,247.0,1.0,SRP,0.0,30.412283,-87.209742,100
2026-05-28T19:56:45+00:00,30.412628333333334,-87.20878516666667,19:56:45+00:00,188.0,311.0,0.7524,SRP,0.0,30.413218,-87.209572,100
2026-05-28T19:56:47+00:00,30.4126295,-87.2087865,19:56:47+00:00,189.0,312.0,0.9893,SRP,0.0,30.413231,-87.209561,100
2026-05-28T19:57:05+00:00,30.412631833333332,-87.208797,19:57:05+00:00,159.0,282.0,0.8645,SRP,0.0,30.412819,-87.209817,100
2026-05-28T19:57:06+00:00,30.412631833333332,-87.208797,19:57:05+00:00,172.0,295.0,1.0,SRP,0.0,30.413012,-87.209742,100
2026-05-28T19:57:07+00:00,30.4126315,-87.2087985,19:57:07+00:00,172.0,295.0,0.9987,SRP,0.0,30.413012,-87.209744,100
2026-05-28T19:57:12+00:00,30.4126295,-87.2088005,19:57:12+00:00,159.0,282.0,0.9955,SRP,0.0,30.412816,-87.209821,100
2026-05-28T19:57:13+00:00,30.4126295,-87.2088005,19:57:12+00:00,122.0,245.0,0.8885,SRP,0.0,30.412249,-87.209746,100
2026-05-28T19:57:33+00:00,30.412626333333332,-87.208807,19:57:33+00:00,57.0,180.0,0.9548,SRP,0.0,30.411727,-87.208807,100
2026-05-28T19:57:56+00:00,30.412625666666667,-87.2088015,19:57:56+00:00,215.0,338.0,0.9778,SRP,0.0,30.41346,-87.209192,100
2026-05-28T19:59:57+00:00,30.41263216666667,-87.2088095,19:59:56+00:00,215.0,338.0,0.8343,SRP,0.0,30.413466,-87.2092,100
2026-05-28T19:59:59+00:00,30.41263216666667,-87.20880983333333,19:59:58+00:00,215.0,338.0,0.7606,SRP,0.0,30.413466,-87.2092,100
2026-05-28T19:59:59+00:00,30.41263216666667,-87.20881,19:59:59+00:00,215.0,338.0,0.8013,SRP,0.0,30.413466,-87.209201,100
2026-05-28T20:00:02+00:00,30.41263216666667,-87.20881033333333,20:00:01+00:00,215.0,338.0,0.7613,SRP,0.0,30.413466,-87.209201,100
2026-05-28T20:00:02+00:00,30.41263216666667,-87.2088105,20:00:02+00:00,215.0,338.0,0.9465,SRP,0.0,30.413466,-87.209201,100
2026-05-28T20:00:03+00:00,30.41263216666667,-87.2088105,20:00:02+00:00,215.0,338.0,0.9777,SRP,0.0,30.413466,-87.209201,100
2026-05-28T20:00:03+00:00,30.41263216666667,-87.20881066666666,20:00:03+00:00,215.0,338.0,0.9951,SRP,0.0,30.413466,-87.209201,100
2026-05-28T20:00:42+00:00,30.412642833333333,-87.20881833333334,20:00:41+00:00,159.0,282.0,0.7825,SRP,0.0,30.41283,-87.209838,100
2026-05-28T20:00:44+00:00,30.4126435,-87.20881983333334,20:00:44+00:00,188.0,311.0,0.9955,SRP,0.0,30.413234,-87.209607,100
2026-05-28T20:00:45+00:00,30.4126435,-87.20881983333334,20:00:44+00:00,197.0,320.0,0.8838,SRP,0.0,30.413332,-87.20949,100
2026-05-28T20:00:53+00:00,30.412643666666668,-87.2088205,20:00:53+00:00,83.0,206.0,0.9998,SRP,0.0,30.411835,-87.209278,100
2026-05-28T20:01:18+00:00,30.412652666666666,-87.20882416666667,20:01:17+00:00,188.0,311.0,0.999,SRP,0.0,30.413243,-87.209611,100
2026-05-28T20:01:18+00:00,30.412652666666666,-87.208825,20:01:18+00:00,172.0,295.0,0.9734,SRP,0.0,30.413033,-87.20977,100
2026-05-28T20:01:19+00:00,30.412652666666666,-87.208825,20:01:18+00:00,82.0,205.0,0.8453,SRP,0.0,30.411838,-87.209266,100
2026-05-28T20:01:36+00:00,30.412652666666666,-87.208837,20:01:35+00:00,32.0,155.0,0.7705,SRP,0.0,30.411838,-87.208396,100
2026-05-28T20:01:38+00:00,30.4126525,-87.20883833333333,20:01:37+00:00,262.0,25.0,0.8944,SRP,0.0,30.413468,-87.208398,100
2026-05-28T20:01:41+00:00,30.412651833333335,-87.20883983333333,20:01:41+00:00,17.0,140.0,0.9999,SRP,0.0,30.411963,-87.20817,100
2026-05-28T20:02:44+00:00,30.412652666666666,-87.20885366666667,20:02:43+00:00,59.0,182.0,0.9026,SRP,0.0,30.411754,-87.20889,100
2026-05-28T20:02:46+00:00,30.412652833333333,-87.20885433333333,20:02:45+00:00,305.0,68.0,0.8931,SRP,0.0,30.41299,-87.207887,100
2026-05-28T20:02:46+00:00,30.412652833333333,-87.20885466666667,20:02:46+00:00,35.0,158.0,0.9966,SRP,0.0,30.411819,-87.208464,100
2026-05-28T20:02:48+00:00,30.412653,-87.208855,20:02:47+00:00,305.0,68.0,0.8723,SRP,0.0,30.41299,-87.207888,100
2026-05-28T20:02:48+00:00,30.4126605,-87.20885966666667,20:02:48+00:00,305.0,68.0,0.9182,SRP,0.0,30.412997,-87.207893,100
2026-05-28T20:03:18+00:00,30.412657166666666,-87.208863,20:03:18+00:00,305.0,68.0,0.8861,SRP,0.0,30.412994,-87.207896,100
2026-05-28T20:03:19+00:00,30.412657166666666,-87.208863,20:03:18+00:00,215.0,338.0,0.9813,SRP,0.0,30.413491,-87.209254,100
2026-05-28T20:03:25+00:00,30.412657,-87.208861,20:03:24+00:00,149.0,272.0,0.8849,SRP,0.0,30.412688,-87.209903,100
2026-05-28T20:03:25+00:00,30.412656833333333,-87.20886066666667,20:03:25+00:00,149.0,272.0,0.9978,SRP,0.0,30.412688,-87.209903,100
2026-05-28T20:03:44+00:00,30.412656166666668,-87.20887033333334,20:03:43+00:00,202.0,325.0,0.8272,SRP,0.0,30.413393,-87.209468,100
2026-05-28T20:03:53+00:00,30.4126535,-87.20885633333333,20:03:53+00:00,305.0,68.0,0.9964,SRP,0.0,30.41299,-87.207889,100
2026-05-28T20:04:08+00:00,30.412655333333333,-87.20884766666667,20:04:08+00:00,278.0,41.0,0.8644,SRP,0.0,30.413334,-87.208164,100
2026-05-28T20:04:09+00:00,30.412655333333333,-87.20884766666667,20:04:08+00:00,172.0,295.0,0.9408,SRP,0.0,30.413035,-87.209793,100
2026-05-28T20:05:09+00:00,30.412590333333334,-87.20882733333333,20:05:08+00:00,172.0,295.0,0.8672,SRP,0.0,30.41297,-87.209772,100
2026-05-28T20:06:01+00:00,30.412586,-87.20884733333334,20:06:01+00:00,159.0,282.0,0.9937,SRP,0.0,30.412773,-87.209867,100
2026-05-28T20:06:23+00:00,30.412596333333333,-87.20885183333333,20:06:22+00:00,172.0,295.0,0.9642,SRP,0.0,30.412976,-87.209797,100
2026-05-28T20:06:23+00:00,30.412596333333333,-87.20885166666666,20:06:23+00:00,172.0,295.0,0.9671,SRP,0.0,30.412976,-87.209797,100
2026-05-28T20:06:24+00:00,30.412596333333333,-87.20885166666666,20:06:23+00:00,188.0,311.0,0.8701,SRP,0.0,30.413186,-87.209639,100
2026-05-28T20:06:24+00:00,30.412596166666667,-87.20885133333333,20:06:24+00:00,172.0,295.0,0.9777,SRP,0.0,30.412976,-87.209796,100
2026-05-28T20:06:25+00:00,30.412596166666667,-87.20885133333333,20:06:24+00:00,188.0,311.0,0.817,SRP,0.0,30.413186,-87.209638,100
2026-05-28T20:07:12+00:00,30.412600166666667,-87.20885966666667,20:07:11+00:00,172.0,295.0,0.9366,SRP,0.0,30.41298,-87.209805,100
2026-05-28T20:07:13+00:00,30.412600833333332,-87.20886,20:07:13+00:00,172.0,295.0,0.9921,SRP,0.0,30.412981,-87.209805,100
2026-05-28T20:07:14+00:00,30.412600833333332,-87.20886,20:07:13+00:00,188.0,311.0,0.9614,SRP,0.0,30.413191,-87.209647,100
2026-05-28T20:07:15+00:00,30.4126035,-87.20886333333333,20:07:15+00:00,125.0,248.0,0.8702,SRP,0.0,30.412267,-87.20983,100
2026-05-28T20:08:36+00:00,30.412622,-87.20887983333333,20:08:35+00:00,215.0,338.0,0.9039,SRP,0.0,30.413456,-87.20927,100
2026-05-28T20:08:36+00:00,30.4126215,-87.20887866666666,20:08:36+00:00,215.0,338.0,0.9028,SRP,0.0,30.413455,-87.209269,100
2026-05-28T20:08:41+00:00,30.412622333333335,-87.20891233333333,20:08:40+00:00,215.0,338.0,0.8658,SRP,0.0,30.413456,-87.209303,100
2026-05-28T20:08:43+00:00,30.412618,-87.2089275,20:08:42+00:00,215.0,338.0,0.9805,SRP,0.0,30.413452,-87.209318,100
2026-05-28T20:08:43+00:00,30.412617333333333,-87.20892316666666,20:08:43+00:00,215.0,338.0,0.9799,SRP,0.0,30.413451,-87.209314,100
2026-05-28T20:08:44+00:00,30.412617333333333,-87.20892316666666,20:08:43+00:00,215.0,338.0,0.8432,SRP,0.0,30.413451,-87.209314,100
2026-05-28T20:08:44+00:00,30.412616833333335,-87.20891966666667,20:08:44+00:00,215.0,338.0,0.7589,SRP,0.0,30.413451,-87.20931,100
2026-05-28T20:08:49+00:00,30.412614166666668,-87.20891766666666,20:08:48+00:00,215.0,338.0,0.8289,SRP,0.0,30.413448,-87.209308,100
2026-05-28T20:08:49+00:00,30.412613666666665,-87.2089175,20:08:49+00:00,215.0,338.0,1.0,SRP,0.0,30.413448,-87.209308,100
2026-05-28T20:08:50+00:00,30.412613666666665,-87.2089175,20:08:49+00:00,215.0,338.0,0.9999,SRP,0.0,30.413448,-87.209308,100
2026-05-28T20:08:50+00:00,30.412613333333333,-87.20891733333333,20:08:50+00:00,215.0,338.0,0.9999,SRP,0.0,30.413447,-87.209308,100
2026-05-28T20:08:51+00:00,30.412613333333333,-87.20891733333333,20:08:50+00:00,215.0,338.0,0.992,SRP,0.0,30.413447,-87.209308,100
2026-05-28T20:08:51+00:00,30.412613,-87.208917,20:08:51+00:00,215.0,338.0,0.8302,SRP,0.0,30.413447,-87.209308,100
2026-05-28T20:08:52+00:00,30.412613,-87.208917,20:08:51+00:00,215.0,338.0,0.9925,SRP,0.0,30.413447,-87.209308,100
2026-05-28T20:08:52+00:00,30.4126135,-87.20890566666667,20:08:52+00:00,215.0,338.0,0.9928,SRP,0.0,30.413447,-87.209296,100
2026-05-28T20:08:53+00:00,30.4126135,-87.208906,20:08:53+00:00,215.0,338.0,0.9654,SRP,0.0,30.413447,-87.209297,100
2026-05-28T20:08:54+00:00,30.4126135,-87.208906,20:08:53+00:00,215.0,338.0,0.7969,SRP,0.0,30.413447,-87.209297,100
2026-05-28T20:08:55+00:00,30.412612833333334,-87.20890866666667,20:08:54+00:00,215.0,338.0,0.9652,SRP,0.0,30.413447,-87.209299,100
2026-05-28T20:09:02+00:00,30.412611,-87.208911,20:09:02+00:00,302.0,65.0,0.999,SRP,0.0,30.412991,-87.207966,100
2026-05-28T20:09:03+00:00,30.412611,-87.208911,20:09:02+00:00,302.0,65.0,0.8317,SRP,0.0,30.412991,-87.207966,100
2026-05-28T20:10:16+00:00,30.412638666666666,-87.20889483333333,20:10:16+00:00,147.0,270.0,0.9991,SRP,0.0,30.412639,-87.209938,100
2026-05-28T20:10:17+00:00,30.412638666666666,-87.20889483333333,20:10:16+00:00,125.0,248.0,0.9992,SRP,0.0,30.412302,-87.209862,100
2026-05-28T20:10:35+00:00,30.4126325,-87.20888266666667,20:10:34+00:00,237.0,0.0,0.8384,SRP,0.0,30.413532,-87.208883,100
2026-05-28T20:10:43+00:00,30.412636166666665,-87.208903,20:10:42+00:00,237.0,0.0,0.8683,SRP,0.0,30.413535,-87.208903,100
2026-05-28T20:10:43+00:00,30.412631833333332,-87.2089055,20:10:43+00:00,112.0,235.0,0.9977,SRP,0.0,30.412116,-87.20976,100
2026-05-28T20:10:46+00:00,30.4126315,-87.20889883333334,20:10:46+00:00,302.0,65.0,0.9323,SRP,0.0,30.413012,-87.207954,100
2026-05-28T20:10:47+00:00,30.4126315,-87.20889883333334,20:10:46+00:00,302.0,65.0,0.8503,SRP,0.0,30.413012,-87.207954,100
2026-05-28T20:10:47+00:00,30.412635,-87.20889666666666,20:10:47+00:00,59.0,182.0,0.9892,SRP,0.0,30.411736,-87.208933,100
2026-05-28T20:13:37+00:00,30.412611833333333,-87.2088445,20:13:36+00:00,22.0,145.0,0.8903,SRP,0.0,30.411875,-87.208246,100
2026-05-28T20:16:29+00:00,30.412610333333333,-87.20881566666667,20:16:29+00:00,214.0,337.0,0.955,SRP,0.0,30.413438,-87.209223,100
2026-05-28T20:17:25+00:00,30.412619166666666,-87.20888216666667,20:17:24+00:00,146.0,269.0,0.9741,SRP,0.0,30.412603,-87.209925,100
2026-05-28T20:18:33+00:00,30.412619833333334,-87.2088925,20:18:33+00:00,302.0,65.0,0.8975,SRP,0.0,30.413,-87.207947,100
2026-05-28T20:18:35+00:00,30.412623,-87.20889666666666,20:18:35+00:00,149.0,272.0,0.8892,SRP,0.0,30.412654,-87.209939,100
2026-05-28T20:19:01+00:00,30.412624333333333,-87.20888683333334,20:19:01+00:00,302.0,65.0,0.8221,SRP,0.0,30.413004,-87.207942,100
2026-05-28T20:20:13+00:00,30.41262516666667,-87.208897,20:20:13+00:00,302.0,65.0,0.7776,SRP,0.0,30.413005,-87.207952,100
2026-05-28T20:20:41+00:00,30.412607166666668,-87.20888,20:20:40+00:00,202.0,325.0,0.9822,SRP,0.0,30.413344,-87.209478,100
2026-05-28T20:20:53+00:00,30.412605,-87.208871,20:20:52+00:00,305.0,68.0,0.7789,SRP,0.0,30.412942,-87.207904,100
2026-05-28T20:20:53+00:00,30.412604833333333,-87.20887083333334,20:20:53+00:00,122.0,245.0,0.9155,SRP,0.0,30.412225,-87.209816,100
2026-05-28T20:21:04+00:00,30.4126025,-87.2088705,20:21:04+00:00,278.0,41.0,0.9861,SRP,0.0,30.413281,-87.208186,100
2026-05-28T20:21:12+00:00,30.412601666666667,-87.2088705,20:21:11+00:00,302.0,65.0,0.9866,SRP,0.0,30.412982,-87.207925,100
2026-05-28T20:21:17+00:00,30.412600666666666,-87.2088815,20:21:17+00:00,188.0,311.0,1.0,SRP,0.0,30.413191,-87.209669,100
2026-05-28T20:21:18+00:00,30.412600666666666,-87.2088815,20:21:17+00:00,82.0,205.0,0.9707,SRP,0.0,30.411786,-87.209322,100
2026-05-28T20:21:30+00:00,30.412609833333335,-87.20888183333334,20:21:29+00:00,0.0,123.0,0.9194,SRP,0.0,30.41212,-87.208007,100
2026-05-28T20:21:52+00:00,30.412617666666666,-87.2088825,20:21:51+00:00,159.0,282.0,0.9921,SRP,0.0,30.412805,-87.209903,100
2026-05-28T20:22:08+00:00,30.412613333333333,-87.20889166666667,20:22:07+00:00,305.0,68.0,0.9718,SRP,0.0,30.41295,-87.207925,100
2026-05-28T20:24:17+00:00,30.412650833333334,-87.20887483333334,20:24:16+00:00,124.0,247.0,0.9438,SRP,0.0,30.412299,-87.209835,100
2026-05-28T20:24:29+00:00,30.4126505,-87.20887333333333,20:24:29+00:00,188.0,311.0,0.8458,SRP,0.0,30.413241,-87.20966,100
2026-05-28T20:24:50+00:00,30.412641833333332,-87.2088765,20:24:50+00:00,278.0,41.0,0.9487,SRP,0.0,30.413321,-87.208192,100
2026-05-28T20:25:57+00:00,30.412605666666668,-87.20894516666667,20:25:57+00:00,82.0,205.0,0.8442,SRP,0.0,30.411791,-87.209386,100
2026-05-28T20:25:58+00:00,30.412605666666668,-87.20894516666667,20:25:57+00:00,35.0,158.0,0.8854,SRP,0.0,30.411772,-87.208555,100
2026-05-28T20:26:24+00:00,30.412594,-87.20894766666666,20:26:24+00:00,159.0,282.0,0.8116,SRP,0.0,30.412781,-87.209968,100
2026-05-28T20:27:43+00:00,30.412596666666666,-87.208937,20:27:42+00:00,172.0,295.0,0.9889,SRP,0.0,30.412977,-87.209882,100
2026-05-28T20:28:07+00:00,30.412582333333333,-87.20892616666667,20:28:07+00:00,188.0,311.0,0.8599,SRP,0.0,30.413172,-87.209713,100
2026-05-28T20:29:02+00:00,30.4125845,-87.20890616666667,20:29:01+00:00,327.0,90.0,0.9847,SRP,0.0,30.412584,-87.207863,100
2026-05-28T20:29:58+00:00,30.412582333333333,-87.208894,20:29:58+00:00,82.0,205.0,0.9997,SRP,0.0,30.411767,-87.209335,100
2026-05-28T20:29:59+00:00,30.412582333333333,-87.20889366666667,20:29:59+00:00,188.0,311.0,0.8386,SRP,0.0,30.413172,-87.209681,100
2026-05-28T20:30:00+00:00,30.412582333333333,-87.20889366666667,20:29:59+00:00,212.0,335.0,0.7596,SRP,0.0,30.413397,-87.209334,100
2026-05-28T20:30:04+00:00,30.412579333333333,-87.20888933333333,20:30:04+00:00,82.0,205.0,0.9583,SRP,0.0,30.411764,-87.20933,100
2026-05-28T20:32:24+00:00,30.412562666666666,-87.20886466666667,20:32:23+00:00,172.0,295.0,0.7904,SRP,0.0,30.412943,-87.20981,100
2026-05-28T20:32:32+00:00,30.412553,-87.20886316666666,20:32:31+00:00,159.0,282.0,1.0,SRP,0.0,30.41274,-87.209883,100
2026-05-28T20:32:32+00:00,30.4125525,-87.20886266666666,20:32:32+00:00,56.0,179.0,0.9662,SRP,0.0,30.411653,-87.208844,100
2026-05-28T20:32:33+00:00,30.4125525,-87.20886266666666,20:32:32+00:00,302.0,65.0,0.8925,SRP,0.0,30.412933,-87.207918,100
2026-05-28T20:32:40+00:00,30.412548833333332,-87.2088585,20:32:39+00:00,98.0,221.0,0.8482,SRP,0.0,30.41187,-87.209543,100
2026-05-28T20:33:34+00:00,30.4125805,-87.20885516666667,20:33:33+00:00,197.0,320.0,0.9934,SRP,0.0,30.413269,-87.209525,100
2026-05-28T20:34:45+00:00,30.412596333333333,-87.20887766666667,20:34:44+00:00,278.0,41.0,0.9523,SRP,0.0,30.413275,-87.208194,100
2026-05-28T20:34:56+00:00,30.412591,-87.20889666666666,20:34:56+00:00,159.0,282.0,0.8379,SRP,0.0,30.412778,-87.209917,100
2026-05-28T20:34:57+00:00,30.412591,-87.20889666666666,20:34:56+00:00,159.0,282.0,0.8827,SRP,0.0,30.412778,-87.209917,100
2026-05-28T20:34:57+00:00,30.4125915,-87.20889783333334,20:34:57+00:00,159.0,282.0,0.9933,SRP,0.0,30.412778,-87.209918,100
2026-05-28T20:35:34+00:00,30.412599333333333,-87.2089225,20:35:34+00:00,124.0,247.0,0.9997,SRP,0.0,30.412248,-87.209882,100
2026-05-28T20:36:49+00:00,30.412562166666667,-87.20890766666666,20:36:48+00:00,172.0,295.0,0.8039,SRP,0.0,30.412942,-87.209853,100
2026-05-28T20:37:28+00:00,30.412566333333334,-87.20890216666666,20:37:28+00:00,125.0,248.0,0.9413,SRP,0.0,30.412229,-87.209869,100
2026-05-28T20:38:29+00:00,30.4125805,-87.20888333333333,20:38:28+00:00,188.0,311.0,0.9994,SRP,0.0,30.413171,-87.20967,100
2026-05-28T20:38:29+00:00,30.412580666666667,-87.2088825,20:38:29+00:00,188.0,311.0,1.0,SRP,0.0,30.413171,-87.20967,100
2026-05-28T20:38:30+00:00,30.412580666666667,-87.2088825,20:38:29+00:00,188.0,311.0,0.9891,SRP,0.0,30.413171,-87.20967,100
2026-05-28T20:38:30+00:00,30.412581,-87.208882,20:38:30+00:00,188.0,311.0,0.9997,SRP,0.0,30.413171,-87.209669,100
2026-05-28T20:42:05+00:00,30.4126515,-87.20885966666667,20:42:05+00:00,98.0,221.0,0.9968,SRP,0.0,30.411973,-87.209544,100
2026-05-28T20:42:07+00:00,30.412651833333335,-87.20885983333334,20:42:06+00:00,159.0,282.0,0.9973,SRP,0.0,30.412839,-87.20988,100
2026-05-28T20:42:33+00:00,30.412653666666667,-87.20886816666666,20:42:32+00:00,69.0,192.0,0.9909,SRP,0.0,30.411774,-87.209085,100
2026-05-28T20:42:38+00:00,30.412652166666668,-87.20886883333333,20:42:38+00:00,189.0,312.0,0.9693,SRP,0.0,30.413254,-87.209644,100
2026-05-28T20:42:39+00:00,30.412652166666668,-87.20886883333333,20:42:38+00:00,56.0,179.0,0.9996,SRP,0.0,30.411753,-87.208851,100
2026-05-28T20:42:39+00:00,30.412651666666665,-87.208869,20:42:39+00:00,237.0,0.0,0.9686,SRP,0.0,30.413551,-87.208869,100
2026-05-28T20:42:42+00:00,30.412650833333334,-87.20886916666667,20:42:41+00:00,278.0,41.0,0.7797,SRP,0.0,30.41333,-87.208185,100
2026-05-28T20:43:54+00:00,30.412645333333334,-87.208845,20:43:53+00:00,188.0,311.0,0.9114,SRP,0.0,30.413235,-87.209632,100
2026-05-28T20:43:54+00:00,30.412644333333333,-87.20884483333333,20:43:54+00:00,98.0,221.0,0.9239,SRP,0.0,30.411966,-87.209529,100
2026-05-28T20:44:47+00:00,30.4126,-87.208815,20:44:47+00:00,172.0,295.0,0.9245,SRP,0.0,30.41298,-87.20976,100
2026-05-28T20:45:06+00:00,30.4126095,-87.20881866666667,20:45:06+00:00,352.0,115.0,0.9327,SRP,0.0,30.412229,-87.207874,100
2026-05-28T20:45:12+00:00,30.412611833333333,-87.208821,20:45:11+00:00,107.0,230.0,0.9971,SRP,0.0,30.412034,-87.20962,100
2026-05-28T20:45:19+00:00,30.4126145,-87.20882316666666,20:45:19+00:00,237.0,0.0,0.7726,SRP,0.0,30.413514,-87.208823,100
2026-05-28T20:45:38+00:00,30.4126175,-87.2088245,20:45:37+00:00,159.0,282.0,0.9513,SRP,0.0,30.412804,-87.209845,100
2026-05-28T20:45:38+00:00,,,,56.0,179.0,0.8588,SRP,0.0,,,100
2026-05-28T20:45:38+00:00,30.412617333333333,-87.20882466666667,20:45:38+00:00,34.0,157.0,0.8949,SRP,0.0,30.41179,-87.208417,100
2026-05-28T20:45:38+00:00,,,,172.0,295.0,0.8344,SRP,0.0,,,100
2026-05-28T20:45:39+00:00,,,,326.0,89.0,0.9804,SRP,0.0,,,100
2026-05-28T20:45:40+00:00,,,,124.0,247.0,0.8816,SRP,0.0,,,100
2026-05-28T20:45:41+00:00,,,,159.0,282.0,0.9966,SRP,0.0,,,100
2026-05-28T20:45:41+00:00,30.412617,-87.208825,20:45:40+00:00,262.0,25.0,0.9938,SRP,0.0,30.413432,-87.208384,100
2026-05-28T20:45:41+00:00,,,,74.0,197.0,0.9991,SRP,0.0,,,100
2026-05-28T20:45:42+00:00,30.412616833333335,-87.208825,20:45:41+00:00,82.0,205.0,0.9927,SRP,0.0,30.411802,-87.209266,100
2026-05-28T20:45:42+00:00,,,,188.0,311.0,0.8314,SRP,0.0,,,100
2026-05-28T20:45:42+00:00,,,,292.0,55.0,0.9988,SRP,0.0,,,100
2026-05-28T20:45:57+00:00,30.412615833333334,-87.208827,20:45:57+00:00,107.0,230.0,0.8224,SRP,0.0,30.412038,-87.209626,100
2026-05-28T20:45:57+00:00,,,,237.0,0.0,0.8866,SRP,0.0,,,100
2026-05-28T20:46:00+00:00,,,,237.0,0.0,0.946,SRP,0.0,,,100
2026-05-28T20:46:00+00:00,30.412615666666667,-87.20882783333333,20:45:59+00:00,107.0,230.0,0.979,SRP,0.0,30.412038,-87.209627,100
2026-05-28T20:46:00+00:00,,,,107.0,230.0,0.9148,SRP,0.0,,,100
2026-05-28T20:46:01+00:00,30.4126155,-87.20882916666666,20:46:01+00:00,237.0,0.0,0.8371,SRP,0.0,30.413515,-87.208829,100
2026-05-28T20:46:10+00:00,30.412614666666666,-87.20883283333333,20:46:09+00:00,352.0,115.0,0.9266,SRP,0.0,30.412235,-87.207888,100
2026-05-28T20:46:10+00:00,,,,339.0,102.0,0.9658,SRP,0.0,,,100
2026-05-28T20:46:22+00:00,,,,352.0,115.0,0.9929,SRP,0.0,,,100
2026-05-28T20:46:22+00:00,30.412612666666668,-87.2088355,20:46:22+00:00,339.0,102.0,0.9787,SRP,0.0,30.412426,-87.207815,100
2026-05-28T20:46:22+00:00,,,,149.0,272.0,0.9785,SRP,0.0,,,100
2026-05-28T20:46:23+00:00,,,,149.0,272.0,0.9854,SRP,0.0,,,100
2026-05-28T20:46:23+00:00,30.412612666666668,-87.2088355,20:46:22+00:00,352.0,115.0,0.9926,SRP,0.0,30.412233,-87.20789,100
2026-05-28T20:46:23+00:00,,,,149.0,272.0,0.9885,SRP,0.0,,,100
2026-05-28T20:46:23+00:00,,,,352.0,115.0,0.9669,SRP,0.0,,,100
2026-05-28T20:46:23+00:00,30.412612333333332,-87.20883566666667,20:46:23+00:00,352.0,115.0,0.9616,SRP,0.0,30.412232,-87.207891,100
2026-05-28T20:46:23+00:00,,,,352.0,115.0,0.7932,SRP,0.0,,,100
2026-05-28T20:46:24+00:00,,,,352.0,115.0,0.8643,SRP,0.0,,,100
2026-05-28T20:46:24+00:00,,,,149.0,272.0,0.7879,SRP,0.0,,,100
2026-05-28T20:46:33+00:00,,,,149.0,272.0,0.863,SRP,0.0,,,100
2026-05-28T20:46:33+00:00,30.412611,-87.2088355,20:46:33+00:00,352.0,115.0,0.8486,SRP,0.0,30.412231,-87.20789,100
2026-05-28T20:46:36+00:00,,,,149.0,272.0,0.9877,SRP,0.0,,,100
2026-05-28T20:46:36+00:00,30.412610833333332,-87.20883516666666,20:46:35+00:00,149.0,272.0,0.9694,SRP,0.0,30.412642,-87.209877,100
2026-05-28T20:46:36+00:00,,,,339.0,102.0,0.8667,SRP,0.0,,,100
2026-05-28T20:46:36+00:00,,,,339.0,102.0,0.8719,SRP,0.0,,,100
2026-05-28T20:46:37+00:00,,,,339.0,102.0,0.9564,SRP,0.0,,,100
2026-05-28T20:46:37+00:00,30.4126105,-87.20883516666666,20:46:37+00:00,339.0,102.0,0.9484,SRP,0.0,30.412424,-87.207815,100
2026-05-28T20:46:37+00:00,,,,352.0,115.0,0.9537,SRP,0.0,,,100
2026-05-28T20:46:39+00:00,,,,352.0,115.0,0.8932,SRP,0.0,,,100
2026-05-28T20:46:39+00:00,30.412610333333333,-87.208835,20:46:39+00:00,352.0,115.0,0.9704,SRP,0.0,30.41223,-87.20789,100
2026-05-28T20:46:40+00:00,30.412610333333333,-87.208835,20:46:39+00:00,215.0,338.0,0.9639,SRP,0.0,30.413444,-87.209226,100
2026-05-28T20:46:40+00:00,,,,215.0,338.0,0.9925,SRP,0.0,,,100
2026-05-28T20:46:52+00:00,,,,82.0,205.0,0.7518,SRP,0.0,,,100
2026-05-28T20:46:52+00:00,,,,82.0,205.0,0.8143,SRP,0.0,,,100
2026-05-28T20:46:54+00:00,,,,74.0,197.0,0.9972,SRP,0.0,,,100
2026-05-28T20:46:54+00:00,30.412608833333334,-87.20883183333333,20:46:54+00:00,74.0,197.0,0.9915,SRP,0.0,30.411749,-87.209137,100
2026-05-28T20:46:54+00:00,,,,74.0,197.0,0.999,SRP,0.0,,,100
2026-05-28T20:46:55+00:00,,,,197.0,320.0,0.7833,SRP,0.0,,,100
2026-05-28T20:46:58+00:00,,,,197.0,320.0,0.8806,SRP,0.0,,,100
2026-05-28T20:46:58+00:00,30.412608,-87.208831,20:46:57+00:00,197.0,320.0,0.8221,SRP,0.0,30.413297,-87.209501,100
2026-05-28T20:46:58+00:00,,,,197.0,320.0,0.7839,SRP,0.0,,,100
2026-05-28T20:47:02+00:00,,,,74.0,197.0,0.8776,SRP,0.0,,,100
2026-05-28T20:47:02+00:00,30.412607,-87.2088295,20:47:02+00:00,74.0,197.0,0.7823,SRP,0.0,30.411747,-87.209134,100
2026-05-28T20:47:03+00:00,,,,197.0,320.0,0.9954,SRP,0.0,,,100
2026-05-28T20:47:03+00:00,,,,197.0,320.0,0.9984,SRP,0.0,,,100
2026-05-28T20:47:03+00:00,30.412606833333335,-87.20882933333333,20:47:03+00:00,189.0,312.0,0.9994,SRP,0.0,30.413209,-87.209604,100
2026-05-28T20:47:03+00:00,,,,302.0,65.0,0.9997,SRP,0.0,,,100
2026-05-28T20:47:04+00:00,,,,302.0,65.0,0.9919,SRP,0.0,,,100
2026-05-28T20:47:04+00:00,30.412606833333335,-87.20882933333333,20:47:03+00:00,189.0,312.0,0.9811,SRP,0.0,30.413209,-87.209604,100
2026-05-28T20:47:04+00:00,,,,74.0,197.0,0.8399,SRP,0.0,,,100
2026-05-28T20:47:05+00:00,,,,278.0,41.0,0.798,SRP,0.0,,,100
2026-05-28T20:47:06+00:00,,,,74.0,197.0,0.996,SRP,0.0,,,100
2026-05-28T20:47:06+00:00,30.412606333333333,-87.208829,20:47:05+00:00,82.0,205.0,0.995,SRP,0.0,30.411791,-87.20927,100
2026-05-28T20:47:06+00:00,,,,197.0,320.0,0.9154,SRP,0.0,,,100
2026-05-28T20:47:07+00:00,,,,173.0,296.0,0.844,SRP,0.0,,,100
2026-05-28T20:47:07+00:00,30.412606,-87.20882883333333,20:47:06+00:00,173.0,296.0,0.8652,SRP,0.0,30.413,-87.209766,100
2026-05-28T20:47:07+00:00,,,,188.0,311.0,0.9464,SRP,0.0,,,100
2026-05-28T20:47:07+00:00,,,,188.0,311.0,0.9006,SRP,0.0,,,100
2026-05-28T20:47:07+00:00,30.412605666666668,-87.20882866666666,20:47:07+00:00,188.0,311.0,0.9681,SRP,0.0,30.413196,-87.209616,100
2026-05-28T20:47:07+00:00,,,,197.0,320.0,0.9733,SRP,0.0,,,100
2026-05-28T20:47:15+00:00,,,,197.0,320.0,0.765,SRP,0.0,,,100
2026-05-28T20:47:44+00:00,,,,197.0,320.0,0.7958,SRP,0.0,,,100
2026-05-28T20:47:44+00:00,30.412595,-87.208811,20:47:43+00:00,197.0,320.0,0.8769,SRP,0.0,30.413284,-87.209481,100
2026-05-28T20:47:44+00:00,,,,197.0,320.0,0.803,SRP,0.0,,,100
2026-05-28T20:47:49+00:00,,,,197.0,320.0,0.9852,SRP,0.0,,,100
2026-05-28T20:47:49+00:00,30.41259133333333,-87.20880683333333,20:47:49+00:00,197.0,320.0,0.8745,SRP,0.0,30.41328,-87.209477,100
2026-05-28T20:47:51+00:00,,,,197.0,320.0,0.7548,SRP,0.0,,,100
2026-05-28T20:48:02+00:00,,,,197.0,320.0,0.9831,SRP,0.0,,,100
2026-05-28T20:48:02+00:00,30.412584,-87.20880583333333,20:48:02+00:00,197.0,320.0,0.9927,SRP,0.0,30.413273,-87.209476,100
2026-05-28T20:48:02+00:00,,,,197.0,320.0,0.9991,SRP,0.0,,,100
2026-05-28T20:48:03+00:00,,,,197.0,320.0,0.9936,SRP,0.0,,,100
2026-05-28T20:48:03+00:00,30.412584,-87.20880583333333,20:48:02+00:00,197.0,320.0,0.9955,SRP,0.0,30.413273,-87.209476,100
2026-05-28T20:48:03+00:00,,,,197.0,320.0,0.9912,SRP,0.0,,,100
2026-05-28T20:48:03+00:00,,,,197.0,320.0,0.7553,SRP,0.0,,,100
2026-05-28T20:48:03+00:00,,,,197.0,320.0,0.7794,SRP,0.0,,,100
2026-05-28T20:48:04+00:00,,,,197.0,320.0,0.8821,SRP,0.0,,,100
2026-05-28T20:48:10+00:00,,,,197.0,320.0,0.8267,SRP,0.0,,,100
2026-05-28T20:48:10+00:00,30.412582166666667,-87.208807,20:48:10+00:00,197.0,320.0,0.839,SRP,0.0,30.413271,-87.209477,100
2026-05-28T20:48:12+00:00,,,,197.0,320.0,0.9175,SRP,0.0,,,100
2026-05-28T20:48:12+00:00,,,,197.0,320.0,0.9382,SRP,0.0,,,100
2026-05-28T20:48:12+00:00,30.412584666666667,-87.208813,20:48:12+00:00,197.0,320.0,0.8965,SRP,0.0,30.413274,-87.209483,100
2026-05-28T20:49:05+00:00,,,,302.0,65.0,0.9999,SRP,0.0,,,100
2026-05-28T20:49:05+00:00,,,,125.0,248.0,1.0,SRP,0.0,,,100
2026-05-28T20:49:05+00:00,30.412573,-87.20878966666666,20:49:05+00:00,147.0,270.0,1.0,SRP,0.0,30.412573,-87.209832,100
2026-05-28T20:49:05+00:00,,,,147.0,270.0,0.9952,SRP,0.0,,,100
2026-05-28T20:49:06+00:00,,,,124.0,247.0,0.9975,SRP,0.0,,,100
2026-05-28T20:49:06+00:00,30.412573,-87.20878966666666,20:49:05+00:00,159.0,282.0,0.9995,SRP,0.0,30.41276,-87.20981,100
2026-05-28T20:49:06+00:00,,,,56.0,179.0,0.8782,SRP,0.0,,,100
2026-05-28T20:49:06+00:00,30.412573,-87.20878933333333,20:49:06+00:00,82.0,205.0,0.9984,SRP,0.0,30.411758,-87.20923,100
2026-05-28T20:49:44+00:00,,,,159.0,282.0,1.0,SRP,0.0,,,100
2026-05-28T20:49:45+00:00,,,,159.0,282.0,0.9385,SRP,0.0,,,100
2026-05-28T20:49:45+00:00,,,,172.0,295.0,0.9963,SRP,0.0,,,100
2026-05-28T20:49:53+00:00,,,,172.0,295.0,0.8384,SRP,0.0,,,100
2026-05-28T20:49:56+00:00,,,,98.0,221.0,0.993,SRP,0.0,,,100
2026-05-28T20:49:56+00:00,,,,122.0,245.0,1.0,SRP,0.0,,,100
2026-05-28T20:49:56+00:00,,,,82.0,205.0,1.0,SRP,0.0,,,100
2026-05-28T20:49:56+00:00,,,,57.0,180.0,0.9998,SRP,0.0,,,100
2026-05-28T20:50:24+00:00,,,,188.0,311.0,0.9561,SRP,0.0,,,100
2026-05-28T20:50:24+00:00,,,,172.0,295.0,0.9067,SRP,0.0,,,100
2026-05-28T20:50:29+00:00,,,,172.0,295.0,0.9706,SRP,0.0,,,100
2026-05-28T20:50:30+00:00,,,,159.0,282.0,0.8121,SRP,0.0,,,100
2026-05-28T20:50:30+00:00,,,,172.0,295.0,0.9918,SRP,0.0,,,100
2026-05-28T20:50:31+00:00,,,,172.0,295.0,0.9951,SRP,0.0,,,100
2026-05-28T20:50:31+00:00,,,,263.0,26.0,0.9981,SRP,0.0,,,100
2026-05-28T20:50:31+00:00,,,,188.0,311.0,1.0,SRP,0.0,,,100
2026-05-28T20:50:32+00:00,,,,279.0,42.0,1.0,SRP,0.0,,,100
2026-05-28T20:50:32+00:00,,,,56.0,179.0,1.0,SRP,0.0,,,100
2026-05-28T20:50:32+00:00,,,,122.0,245.0,1.0,SRP,0.0,,,100
2026-05-28T20:50:32+00:00,,,,164.0,287.0,1.0,SRP,0.0,,,100
2026-05-28T20:50:33+00:00,,,,172.0,295.0,1.0,SRP,0.0,,,100
2026-05-28T20:50:33+00:00,,,,172.0,295.0,1.0,SRP,0.0,,,100
2026-05-28T20:50:33+00:00,,,,172.0,295.0,0.9963,SRP,0.0,,,100
2026-05-28T20:50:59+00:00,,,,278.0,41.0,0.9826,SRP,0.0,,,100
2026-05-28T20:51:00+00:00,,,,188.0,311.0,0.9922,SRP,0.0,,,100
2026-05-28T20:51:00+00:00,,,,239.0,2.0,0.9845,SRP,0.0,,,100
2026-05-28T20:51:00+00:00,,,,56.0,179.0,0.9727,SRP,0.0,,,100
2026-06-04T19:44:45+00:00,30.4132245,-87.2089285,19:44:47+00:00,305.0,68.0,0.9809,SRP,0.0,30.413561,-87.207962,100
2026-06-04T20:10:16+00:00,,,,239.0,2.0,0.9589,SRP,0.0,,,100
2026-06-04T20:10:17+00:00,,,,239.0,2.0,0.8171,SRP,0.0,,,100
2026-06-04T20:10:18+00:00,,,,239.0,2.0,0.9729,SRP,0.0,,,100
2026-06-09T17:29:59+00:00,30.412995666666667,-87.20903033333333,17:29:58+00:00,212.0,335.0,0.887,SRP,0.0,30.413811,-87.209471,100
2026-06-09T17:31:32+00:00,30.413004,-87.20901783333333,17:31:30+00:00,0.0,123.0,0.8122,SRP,0.0,30.412514,-87.208143,100
2026-06-09T17:32:08+00:00,30.413014333333333,-87.20900866666666,17:32:06+00:00,0.0,123.0,0.8348,SRP,0.0,30.412525,-87.208134,100
2026-06-09T17:32:08+00:00,30.4130145,-87.20900833333333,17:32:07+00:00,0.0,123.0,0.9265,SRP,0.0,30.412525,-87.208134,100
2026-06-09T17:32:19+00:00,30.4130165,-87.20900533333334,17:32:17+00:00,0.0,123.0,0.8674,SRP,0.0,30.412527,-87.208131,100
2026-06-09T17:32:25+00:00,30.413017666666665,-87.20900366666666,17:32:23+00:00,0.0,123.0,0.9167,SRP,0.0,30.412528,-87.208129,100
2026-06-09T17:32:31+00:00,30.413019,-87.209002,17:32:29+00:00,0.0,123.0,0.82,SRP,0.0,30.412529,-87.208127,100
2026-06-09T17:32:36+00:00,30.41302,-87.209001,17:32:34+00:00,112.0,235.0,0.9139,SRP,0.0,30.412504,-87.209855,100
2026-06-09T17:32:44+00:00,30.413020166666666,-87.20899516666667,17:32:42+00:00,35.0,158.0,0.9075,SRP,0.0,30.412186,-87.208605,100
2026-06-09T17:32:44+00:00,30.413019833333333,-87.20899483333334,17:32:43+00:00,35.0,158.0,0.9211,SRP,0.0,30.412186,-87.208604,100
2026-06-09T17:32:45+00:00,30.413019833333333,-87.20899483333334,17:32:43+00:00,35.0,158.0,0.7803,SRP,0.0,30.412186,-87.208604,100
2026-06-09T17:32:45+00:00,30.413019833333333,-87.20899483333334,17:32:43+00:00,236.0,359.0,0.7551,SRP,0.0,30.413919,-87.209013,100
2026-06-09T17:32:46+00:00,30.413019333333335,-87.20899433333334,17:32:44+00:00,35.0,158.0,0.9535,SRP,0.0,30.412185,-87.208604,100
2026-06-09T17:32:52+00:00,30.413022,-87.20899233333333,17:32:50+00:00,326.0,89.0,0.968,SRP,0.0,30.413038,-87.20795,100
2026-06-09T17:32:52+00:00,30.413022,-87.20899233333333,17:32:50+00:00,326.0,89.0,0.9255,SRP,0.0,30.413038,-87.20795,100
2026-06-09T17:32:52+00:00,30.413022,-87.20899233333333,17:32:50+00:00,34.0,157.0,0.7877,SRP,0.0,30.412194,-87.208585,100
2026-06-09T17:32:52+00:00,30.413024,-87.20899216666666,17:32:51+00:00,124.0,247.0,0.9477,SRP,0.0,30.412673,-87.209952,100
2026-06-09T17:32:53+00:00,30.413024,-87.20899216666666,17:32:51+00:00,124.0,247.0,0.8942,SRP,0.0,30.412673,-87.209952,100
2026-06-09T17:32:53+00:00,30.413024,-87.20899216666666,17:32:51+00:00,35.0,158.0,0.9985,SRP,0.0,30.41219,-87.208602,100
2026-06-09T17:32:53+00:00,30.413024,-87.20899216666666,17:32:51+00:00,35.0,158.0,0.7887,SRP,0.0,30.41219,-87.208602,100
2026-06-09T17:32:54+00:00,30.41302616666667,-87.20899166666666,17:32:52+00:00,35.0,158.0,0.9999,SRP,0.0,30.412192,-87.208601,100
2026-06-09T17:32:54+00:00,30.41302616666667,-87.20899166666666,17:32:52+00:00,35.0,158.0,0.9993,SRP,0.0,30.412192,-87.208601,100
2026-06-09T17:32:54+00:00,30.413028166666667,-87.208991,17:32:53+00:00,35.0,158.0,0.8129,SRP,0.0,30.412194,-87.2086,100
2026-06-09T17:33:03+00:00,30.413053,-87.2090205,17:33:01+00:00,125.0,248.0,0.87,SRP,0.0,30.412716,-87.209987,100
2026-06-09T17:33:13+00:00,30.413064666666667,-87.209012,17:33:12+00:00,0.0,123.0,0.9616,SRP,0.0,30.412575,-87.208137,100
2026-06-09T17:33:14+00:00,30.413064666666667,-87.209012,17:33:12+00:00,0.0,123.0,0.9754,SRP,0.0,30.412575,-87.208137,100
2026-06-09T17:33:14+00:00,30.413064666666667,-87.209012,17:33:12+00:00,0.0,123.0,0.7969,SRP,0.0,30.412575,-87.208137,100
2026-06-09T17:33:15+00:00,30.4130635,-87.2090115,17:33:13+00:00,0.0,123.0,0.8798,SRP,0.0,30.412574,-87.208137,100
2026-06-09T17:33:19+00:00,30.41306,-87.209009,17:33:17+00:00,0.0,123.0,0.9219,SRP,0.0,30.41257,-87.208134,100
2026-06-09T17:33:20+00:00,30.4130595,-87.20900866666666,17:33:18+00:00,125.0,248.0,0.9286,SRP,0.0,30.412723,-87.209976,100
2026-06-09T17:33:36+00:00,30.413054,-87.20901266666667,17:33:34+00:00,35.0,158.0,0.8701,SRP,0.0,30.41222,-87.208622,100
2026-06-09T17:33:39+00:00,30.413054,-87.20901516666666,17:33:37+00:00,124.0,247.0,0.8645,SRP,0.0,30.412703,-87.209975,100
2026-06-09T17:33:44+00:00,30.41305283333333,-87.20901516666666,17:33:42+00:00,83.0,206.0,0.9039,SRP,0.0,30.412245,-87.209472,100
2026-06-09T17:33:44+00:00,30.41305283333333,-87.20901516666666,17:33:42+00:00,0.0,123.0,0.9367,SRP,0.0,30.412563,-87.208141,100
2026-06-09T17:33:44+00:00,30.41305283333333,-87.20901516666666,17:33:42+00:00,0.0,123.0,0.9907,SRP,0.0,30.412563,-87.208141,100
2026-06-09T17:33:44+00:00,30.413052333333333,-87.209015,17:33:43+00:00,0.0,123.0,0.9992,SRP,0.0,30.412563,-87.20814,100
2026-06-09T17:33:45+00:00,30.413052333333333,-87.209015,17:33:43+00:00,83.0,206.0,0.9996,SRP,0.0,30.412244,-87.209472,100
2026-06-09T17:33:45+00:00,30.413052333333333,-87.209015,17:33:43+00:00,0.0,123.0,0.9996,SRP,0.0,30.412563,-87.20814,100
2026-06-09T17:33:45+00:00,30.413052333333333,-87.209015,17:33:43+00:00,83.0,206.0,0.9994,SRP,0.0,30.412244,-87.209472,100
2026-06-09T17:33:45+00:00,30.413051833333334,-87.20901483333333,17:33:44+00:00,83.0,206.0,0.9882,SRP,0.0,30.412244,-87.209472,100
2026-06-09T17:33:51+00:00,30.413050333333334,-87.20901383333333,17:33:50+00:00,0.0,123.0,0.9907,SRP,0.0,30.412561,-87.208139,100
2026-06-09T17:33:52+00:00,30.413050333333334,-87.20901383333333,17:33:50+00:00,0.0,123.0,0.979,SRP,0.0,30.412561,-87.208139,100
2026-06-09T17:33:52+00:00,30.413050333333334,-87.20901383333333,17:33:50+00:00,0.0,123.0,0.9958,SRP,0.0,30.412561,-87.208139,100
2026-06-09T17:33:52+00:00,30.413050333333334,-87.20901383333333,17:33:50+00:00,0.0,123.0,0.9183,SRP,0.0,30.412561,-87.208139,100
2026-06-09T17:33:53+00:00,30.41305,-87.20901366666666,17:33:51+00:00,83.0,206.0,0.8021,SRP,0.0,30.412242,-87.209471,100
2026-06-09T17:33:53+00:00,30.41305,-87.20901366666666,17:33:51+00:00,8.0,131.0,0.9689,SRP,0.0,30.41246,-87.208227,100
2026-06-09T17:33:54+00:00,30.413049833333332,-87.20901333333333,17:33:52+00:00,8.0,131.0,0.8046,SRP,0.0,30.41246,-87.208226,100
2026-06-09T17:33:54+00:00,30.413049833333332,-87.20901333333333,17:33:52+00:00,8.0,131.0,0.9075,SRP,0.0,30.41246,-87.208226,100
2026-06-09T17:33:54+00:00,30.413049833333332,-87.20901333333333,17:33:52+00:00,83.0,206.0,0.9921,SRP,0.0,30.412242,-87.20947,100
2026-06-09T17:33:54+00:00,30.413049666666666,-87.209013,17:33:53+00:00,83.0,206.0,0.9995,SRP,0.0,30.412241,-87.20947,100
2026-06-09T17:33:55+00:00,30.413049666666666,-87.209013,17:33:53+00:00,83.0,206.0,0.997,SRP,0.0,30.412241,-87.20947,100
2026-06-09T17:33:55+00:00,30.413049666666666,-87.209013,17:33:53+00:00,83.0,206.0,0.9639,SRP,0.0,30.412241,-87.20947,100
2026-06-09T17:33:55+00:00,30.413049666666666,-87.209013,17:33:53+00:00,83.0,206.0,0.8306,SRP,0.0,30.412241,-87.20947,100
2026-06-09T17:33:55+00:00,30.413049666666666,-87.20901283333333,17:33:54+00:00,83.0,206.0,0.987,SRP,0.0,30.412241,-87.20947,100
2026-06-09T17:33:56+00:00,30.413049666666666,-87.20901283333333,17:33:54+00:00,83.0,206.0,0.9763,SRP,0.0,30.412241,-87.20947,100
2026-06-09T17:33:56+00:00,30.413049666666666,-87.20901283333333,17:33:54+00:00,83.0,206.0,0.9612,SRP,0.0,30.412241,-87.20947,100
2026-06-09T17:33:56+00:00,30.413049666666666,-87.20901283333333,17:33:54+00:00,83.0,206.0,0.9448,SRP,0.0,30.412241,-87.20947,100
2026-06-09T17:33:56+00:00,30.413049666666666,-87.209013,17:33:55+00:00,83.0,206.0,0.9845,SRP,0.0,30.412241,-87.20947,100
2026-06-09T17:33:57+00:00,30.413049666666666,-87.209013,17:33:55+00:00,83.0,206.0,0.9672,SRP,0.0,30.412241,-87.20947,100
2026-06-09T17:33:57+00:00,30.413049666666666,-87.209013,17:33:55+00:00,98.0,221.0,0.9234,SRP,0.0,30.412371,-87.209697,100
2026-06-09T17:33:59+00:00,30.413049666666666,-87.20901316666667,17:33:57+00:00,83.0,206.0,0.782,SRP,0.0,30.412241,-87.20947,100
2026-06-09T17:33:59+00:00,30.413049666666666,-87.20901316666667,17:33:57+00:00,83.0,206.0,0.8808,SRP,0.0,30.412241,-87.20947,100
2026-06-09T17:34:00+00:00,30.413049666666666,-87.20901316666667,17:33:58+00:00,83.0,206.0,0.9002,SRP,0.0,30.412241,-87.20947,100
2026-06-09T17:34:00+00:00,30.413049666666666,-87.20901316666667,17:33:58+00:00,83.0,206.0,0.8192,SRP,0.0,30.412241,-87.20947,100
2026-06-09T17:34:00+00:00,30.413049666666666,-87.20901316666667,17:33:58+00:00,83.0,206.0,0.8055,SRP,0.0,30.412241,-87.20947,100
2026-06-09T17:34:01+00:00,30.413049833333332,-87.20901333333333,17:33:59+00:00,83.0,206.0,0.9465,SRP,0.0,30.412242,-87.20947,100
2026-06-09T17:34:01+00:00,30.413049833333332,-87.20901333333333,17:33:59+00:00,83.0,206.0,0.9794,SRP,0.0,30.412242,-87.20947,100
2026-06-09T17:34:02+00:00,30.413049666666666,-87.20901333333333,17:34:00+00:00,83.0,206.0,0.865,SRP,0.0,30.412241,-87.20947,100
2026-06-09T17:34:02+00:00,30.413049666666666,-87.20901333333333,17:34:00+00:00,83.0,206.0,0.9644,SRP,0.0,30.412241,-87.20947,100
2026-06-09T17:34:02+00:00,30.413049666666666,-87.2090135,17:34:01+00:00,83.0,206.0,0.9857,SRP,0.0,30.412241,-87.209471,100
2026-06-09T17:34:03+00:00,30.413049666666666,-87.2090135,17:34:01+00:00,83.0,206.0,0.9773,SRP,0.0,30.412241,-87.209471,100
2026-06-09T17:34:03+00:00,30.413049666666666,-87.2090135,17:34:01+00:00,83.0,206.0,0.9259,SRP,0.0,30.412241,-87.209471,100
2026-06-09T17:34:04+00:00,30.413049666666666,-87.2090135,17:34:02+00:00,83.0,206.0,0.9116,SRP,0.0,30.412241,-87.209471,100
2026-06-09T17:34:04+00:00,30.413049833333332,-87.20901366666666,17:34:03+00:00,83.0,206.0,0.8661,SRP,0.0,30.412242,-87.209471,100
2026-06-09T17:34:05+00:00,30.413049833333332,-87.20901366666666,17:34:03+00:00,83.0,206.0,0.9521,SRP,0.0,30.412242,-87.209471,100
2026-06-09T17:34:05+00:00,30.413049833333332,-87.20901366666666,17:34:03+00:00,83.0,206.0,0.7828,SRP,0.0,30.412242,-87.209471,100
2026-06-09T17:34:05+00:00,30.413049833333332,-87.20901383333333,17:34:04+00:00,83.0,206.0,0.9111,SRP,0.0,30.412242,-87.209471,100
2026-06-09T17:34:06+00:00,30.413049833333332,-87.20901383333333,17:34:04+00:00,83.0,206.0,0.7852,SRP,0.0,30.412242,-87.209471,100
2026-06-09T17:34:06+00:00,30.413049833333332,-87.20901383333333,17:34:04+00:00,83.0,206.0,0.769,SRP,0.0,30.412242,-87.209471,100
2026-06-09T18:56:05+00:00,30.412379666666666,-87.20860183333333,18:56:03+00:00,239.0,2.0,0.9987,SRP,0.0,30.413278,-87.208565,100
2026-06-09T18:56:05+00:00,,,,292.0,55.0,0.9999,SRP,0.0,,,100
2026-06-09T18:56:06+00:00,30.4123805,-87.2086025,18:56:04+00:00,287.0,50.0,0.995,SRP,0.0,30.412959,-87.207804,100
2026-06-09T18:56:06+00:00,,,,287.0,50.0,0.9873,SRP,0.0,,,100
2026-06-09T18:56:06+00:00,30.412385166666667,-87.20860466666667,18:56:05+00:00,287.0,50.0,0.9999,SRP,0.0,30.412963,-87.207806,100
2026-06-09T18:56:07+00:00,,,,287.0,50.0,0.9999,SRP,0.0,,,100
2026-06-09T18:56:07+00:00,30.412385166666667,-87.20860466666667,18:56:05+00:00,122.0,245.0,0.8053,SRP,0.0,30.412005,-87.20955,100
2026-06-09T18:57:47+00:00,,,,8.0,131.0,0.7788,SRP,0.0,,,100
2026-06-09T18:58:40+00:00,,,,173.0,296.0,0.9806,SRP,0.0,,,100
2026-06-09T18:58:40+00:00,30.4131285,-87.20904716666666,18:58:38+00:00,173.0,296.0,0.9843,SRP,0.0,30.413523,-87.209984,100
2026-06-09T18:58:40+00:00,,,,173.0,296.0,0.7891,SRP,0.0,,,100
2026-06-09T18:58:41+00:00,30.413127166666666,-87.209047,18:58:39+00:00,173.0,296.0,0.9293,SRP,0.0,30.413521,-87.209984,100
2026-06-09T18:58:41+00:00,,,,173.0,296.0,0.9767,SRP,0.0,,,100
2026-06-09T18:58:41+00:00,30.413127166666666,-87.209047,18:58:39+00:00,173.0,296.0,0.9884,SRP,0.0,30.413521,-87.209984,100
2026-06-09T18:58:43+00:00,,,,173.0,296.0,0.9582,SRP,0.0,,,100
2026-06-09T18:58:43+00:00,30.413123666666667,-87.20904733333333,18:58:41+00:00,173.0,296.0,0.9615,SRP,0.0,30.413518,-87.209985,100
2026-06-09T18:58:53+00:00,30.413117166666666,-87.2090365,18:58:51+00:00,173.0,296.0,0.7898,SRP,0.0,30.413511,-87.209974,100
2026-06-09T18:58:58+00:00,,,,188.0,311.0,0.9598,SRP,0.0,,,100
2026-06-09T18:58:58+00:00,30.413114166666666,-87.20903933333334,18:58:56+00:00,173.0,296.0,0.8416,SRP,0.0,30.413508,-87.209977,100
2026-06-09T18:59:05+00:00,,,,173.0,296.0,0.8608,SRP,0.0,,,100
2026-06-09T18:59:05+00:00,30.413110833333334,-87.20904333333333,18:59:03+00:00,173.0,296.0,0.9617,SRP,0.0,30.413505,-87.209981,100
2026-06-09T18:59:06+00:00,,,,173.0,296.0,0.8184,SRP,0.0,,,100
2026-06-09T18:59:12+00:00,30.4131115,-87.20904416666667,18:59:10+00:00,173.0,296.0,0.8849,SRP,0.0,30.413506,-87.209981,100
2026-06-09T18:59:12+00:00,,,,173.0,296.0,0.8204,SRP,0.0,,,100
2026-06-09T18:59:18+00:00,,,,173.0,296.0,0.8651,SRP,0.0,,,100
2026-06-09T18:59:19+00:00,30.41311,-87.20904616666667,18:59:17+00:00,8.0,131.0,0.9053,SRP,0.0,30.41252,-87.208259,100
2026-06-09T18:59:19+00:00,,,,0.0,123.0,0.9771,SRP,0.0,,,100
2026-06-09T18:59:40+00:00,,,,327.0,90.0,0.9661,SRP,0.0,,,100
2026-06-09T18:59:41+00:00,30.413115333333334,-87.20904916666667,18:59:39+00:00,327.0,90.0,0.9962,SRP,0.0,30.413115,-87.208006,100
2026-06-09T18:59:41+00:00,,,,327.0,90.0,0.7987,SRP,0.0,,,100
2026-06-09T18:59:42+00:00,30.4131155,-87.20904933333334,18:59:40+00:00,327.0,90.0,0.9837,SRP,0.0,30.413115,-87.208007,100
2026-06-09T18:59:42+00:00,,,,327.0,90.0,0.7836,SRP,0.0,,,100
2026-06-09T18:59:42+00:00,30.4131155,-87.20904933333334,18:59:40+00:00,327.0,90.0,0.9757,SRP,0.0,30.413115,-87.208007,100
2026-06-09T18:59:42+00:00,,,,32.0,155.0,0.9556,SRP,0.0,,,100
2026-06-09T18:59:44+00:00,30.413115666666666,-87.20905016666667,18:59:42+00:00,32.0,155.0,0.8872,SRP,0.0,30.412301,-87.208609,100
2026-06-09T18:59:45+00:00,30.413115666666666,-87.20905033333334,18:59:43+00:00,327.0,90.0,0.9995,SRP,0.0,30.413116,-87.208008,100
2026-06-09T18:59:45+00:00,,,,327.0,90.0,0.9996,SRP,0.0,,,100
2026-06-09T18:59:46+00:00,30.4131155,-87.2090505,18:59:44+00:00,327.0,90.0,0.9961,SRP,0.0,30.413115,-87.208008,100
2026-06-09T18:59:46+00:00,,,,327.0,90.0,0.9924,SRP,0.0,,,100
2026-06-09T18:59:51+00:00,,,,0.0,123.0,0.997,SRP,0.0,,,100
2026-06-09T18:59:51+00:00,30.413114666666665,-87.20905083333334,18:59:49+00:00,0.0,123.0,0.9654,SRP,0.0,30.412625,-87.208176,100
2026-06-09T18:59:56+00:00,,,,125.0,248.0,0.8363,SRP,0.0,,,100
2026-06-09T18:59:56+00:00,30.413115166666667,-87.2090515,18:59:54+00:00,125.0,248.0,0.8615,SRP,0.0,30.412778,-87.210018,100
2026-06-09T19:00:00+00:00,,,,125.0,248.0,0.9181,SRP,0.0,,,100
2026-06-09T19:00:03+00:00,30.413113166666665,-87.20905116666667,19:00:01+00:00,34.0,157.0,0.7893,SRP,0.0,30.412285,-87.208644,100
2026-06-09T19:00:03+00:00,,,,327.0,90.0,0.9069,SRP,0.0,,,100
2026-06-09T19:00:04+00:00,30.4131125,-87.20905083333334,19:00:02+00:00,327.0,90.0,0.9815,SRP,0.0,30.413112,-87.208008,100
2026-06-09T19:00:04+00:00,,,,327.0,90.0,0.9707,SRP,0.0,,,100
2026-06-09T19:00:06+00:00,30.4131115,-87.20905016666667,19:00:04+00:00,34.0,157.0,0.8598,SRP,0.0,30.412284,-87.208643,100
2026-06-09T19:00:06+00:00,,,,34.0,157.0,0.8581,SRP,0.0,,,100
2026-06-09T19:00:06+00:00,30.4131115,-87.20905016666667,19:00:04+00:00,34.0,157.0,0.9101,SRP,0.0,30.412284,-87.208643,100
2026-06-09T19:00:06+00:00,,,,34.0,157.0,0.7801,SRP,0.0,,,100
2026-06-09T19:00:08+00:00,30.413110666666668,-87.2090495,19:00:06+00:00,34.0,157.0,0.9718,SRP,0.0,30.412283,-87.208642,100
2026-06-09T19:00:08+00:00,,,,34.0,157.0,0.9374,SRP,0.0,,,100
2026-06-09T19:00:09+00:00,30.41311,-87.20904933333334,19:00:07+00:00,327.0,90.0,0.9914,SRP,0.0,30.41311,-87.208007,100
2026-06-09T19:00:09+00:00,,,,327.0,90.0,0.9991,SRP,0.0,,,100
2026-06-09T19:00:10+00:00,30.413109666666667,-87.20904916666667,19:00:08+00:00,327.0,90.0,0.7506,SRP,0.0,30.41311,-87.208006,100
2026-06-09T19:00:10+00:00,,,,327.0,90.0,0.9999,SRP,0.0,,,100
2026-06-09T19:00:10+00:00,30.413109666666667,-87.20904916666667,19:00:08+00:00,327.0,90.0,1.0,SRP,0.0,30.41311,-87.208006,100
2026-06-09T19:00:11+00:00,,,,327.0,90.0,0.9975,SRP,0.0,,,100
2026-06-09T19:00:11+00:00,30.413109333333335,-87.209049,19:00:09+00:00,327.0,90.0,0.9985,SRP,0.0,30.413109,-87.208006,100
2026-06-09T19:00:12+00:00,,,,34.0,157.0,0.9454,SRP,0.0,,,100
2026-06-09T19:00:12+00:00,30.413109,-87.20904883333333,19:00:10+00:00,35.0,158.0,0.9077,SRP,0.0,30.412275,-87.208658,100
2026-06-09T19:00:12+00:00,,,,35.0,158.0,0.9663,SRP,0.0,,,100
2026-06-09T19:00:19+00:00,30.413105833333333,-87.209047,19:00:17+00:00,262.0,25.0,0.8684,SRP,0.0,30.413921,-87.208606,100
2026-06-09T19:00:19+00:00,,,,262.0,25.0,0.8891,SRP,0.0,,,100
2026-06-09T19:00:23+00:00,,,,278.0,41.0,0.9809,SRP,0.0,,,100
2026-06-09T19:00:23+00:00,30.413105,-87.20904516666667,19:00:21+00:00,278.0,41.0,0.9906,SRP,0.0,30.413784,-87.208361,100
2026-06-09T19:00:23+00:00,,,,278.0,41.0,0.9971,SRP,0.0,,,100
2026-06-09T19:00:24+00:00,30.413104833333332,-87.20904483333334,19:00:22+00:00,278.0,41.0,0.7748,SRP,0.0,30.413784,-87.208361,100
2026-06-09T19:00:25+00:00,30.4131045,-87.20904466666667,19:00:23+00:00,287.0,50.0,0.9994,SRP,0.0,30.413683,-87.208246,100
2026-06-09T19:00:25+00:00,,,,287.0,50.0,0.9991,SRP,0.0,,,100
2026-06-09T19:00:26+00:00,30.413104166666667,-87.2090445,19:00:24+00:00,279.0,42.0,0.9871,SRP,0.0,30.413772,-87.208347,100
2026-06-09T19:00:26+00:00,,,,287.0,50.0,0.9667,SRP,0.0,,,100
2026-06-09T19:00:27+00:00,30.413104,-87.20904416666667,19:00:25+00:00,122.0,245.0,0.9951,SRP,0.0,30.412724,-87.209989,100
2026-06-09T19:00:27+00:00,,,,122.0,245.0,0.9963,SRP,0.0,,,100
2026-06-09T19:00:28+00:00,30.413103666666668,-87.209044,19:00:26+00:00,122.0,245.0,0.8684,SRP,0.0,30.412724,-87.209989,100
2026-06-09T19:00:29+00:00,30.413103333333332,-87.209044,19:00:27+00:00,122.0,245.0,0.9784,SRP,0.0,30.412723,-87.209989,100
2026-06-09T19:00:29+00:00,,,,122.0,245.0,0.9926,SRP,0.0,,,100
2026-06-09T19:00:29+00:00,30.413103333333332,-87.209044,19:00:27+00:00,122.0,245.0,0.9943,SRP,0.0,30.412723,-87.209989,100
2026-06-09T19:00:29+00:00,,,,122.0,245.0,0.9911,SRP,0.0,,,100
2026-06-09T19:00:30+00:00,30.413103166666666,-87.20904383333334,19:00:28+00:00,122.0,245.0,0.9343,SRP,0.0,30.412723,-87.209989,100
2026-06-09T19:00:37+00:00,30.413101166666667,-87.20904183333333,19:00:35+00:00,22.0,145.0,0.9993,SRP,0.0,30.412364,-87.208444,100
2026-06-09T19:00:37+00:00,,,,22.0,145.0,0.9989,SRP,0.0,,,100
2026-06-09T19:00:39+00:00,30.413100833333335,-87.209041,19:00:37+00:00,22.0,145.0,0.9997,SRP,0.0,30.412364,-87.208443,100
2026-06-09T19:00:39+00:00,,,,22.0,145.0,0.9996,SRP,0.0,,,100
2026-06-09T19:00:40+00:00,30.413100833333335,-87.2090405,19:00:38+00:00,262.0,25.0,0.9279,SRP,0.0,30.413916,-87.2086,100
2026-06-09T19:00:42+00:00,30.413100666666665,-87.20904,19:00:40+00:00,22.0,145.0,0.9495,SRP,0.0,30.412364,-87.208442,100
2026-06-09T19:00:42+00:00,,,,22.0,145.0,0.9339,SRP,0.0,,,100
2026-06-09T19:00:45+00:00,30.4131005,-87.2090395,19:00:43+00:00,239.0,2.0,0.928,SRP,0.0,30.413999,-87.209003,100
2026-06-09T19:00:45+00:00,,,,22.0,145.0,0.802,SRP,0.0,,,100
2026-06-09T19:00:46+00:00,30.413100333333333,-87.20903933333334,19:00:44+00:00,22.0,145.0,0.9266,SRP,0.0,30.412364,-87.208441,100
2026-06-09T19:00:53+00:00,30.413100166666666,-87.209038,19:00:51+00:00,122.0,245.0,0.9746,SRP,0.0,30.41272,-87.209983,100
2026-06-09T19:00:53+00:00,,,,239.0,2.0,0.9797,SRP,0.0,,,100
2026-06-09T19:00:54+00:00,30.413100166666666,-87.20903783333333,19:00:52+00:00,125.0,248.0,0.9516,SRP,0.0,30.412763,-87.210005,100
2026-06-09T19:00:54+00:00,,,,125.0,248.0,0.7532,SRP,0.0,,,100
2026-06-09T19:00:54+00:00,30.413100166666666,-87.20903783333333,19:00:52+00:00,125.0,248.0,0.9509,SRP,0.0,30.412763,-87.210005,100
2026-06-09T19:00:54+00:00,,,,0.0,123.0,0.8638,SRP,0.0,,,100
2026-06-09T19:00:56+00:00,30.413100166666666,-87.20903766666666,19:00:54+00:00,0.0,123.0,0.9761,SRP,0.0,30.41261,-87.208163,100
2026-06-09T19:00:56+00:00,,,,0.0,123.0,0.899,SRP,0.0,,,100
2026-06-09T19:00:56+00:00,30.413100166666666,-87.20903766666666,19:00:54+00:00,0.0,123.0,0.9281,SRP,0.0,30.41261,-87.208163,100
2026-06-09T19:00:57+00:00,,,,125.0,248.0,0.9289,SRP,0.0,,,100
2026-06-09T19:00:57+00:00,30.413100166666666,-87.2090375,19:00:55+00:00,125.0,248.0,0.9531,SRP,0.0,30.412763,-87.210004,100
2026-06-09T19:00:58+00:00,,,,125.0,248.0,0.8714,SRP,0.0,,,100
2026-06-09T19:01:14+00:00,,,,0.0,123.0,0.9641,SRP,0.0,,,100
2026-06-09T19:01:24+00:00,30.4131005,-87.20903266666667,19:01:22+00:00,112.0,235.0,0.9576,SRP,0.0,30.412585,-87.209887,100
2026-06-09T19:01:24+00:00,,,,239.0,2.0,0.8883,SRP,0.0,,,100
2026-06-09T19:02:50+00:00,30.413098666666667,-87.20903083333333,19:02:48+00:00,8.0,131.0,0.9965,SRP,0.0,30.412509,-87.208244,100
2026-06-09T19:02:51+00:00,30.4130985,-87.209031,19:02:49+00:00,214.0,337.0,0.7813,SRP,0.0,30.413926,-87.209438,100
2026-06-09T19:02:51+00:00,30.4130985,-87.209031,19:02:49+00:00,214.0,337.0,0.9839,SRP,0.0,30.413926,-87.209438,100
2026-06-09T19:02:55+00:00,30.4130985,-87.2090315,19:02:53+00:00,326.0,89.0,0.7935,SRP,0.0,30.413114,-87.207989,100
2026-06-09T19:02:56+00:00,30.4130985,-87.20903166666666,19:02:54+00:00,35.0,158.0,0.8983,SRP,0.0,30.412265,-87.208641,100
2026-06-09T19:02:59+00:00,30.413098333333334,-87.209032,19:02:57+00:00,305.0,68.0,0.8206,SRP,0.0,30.413435,-87.208065,100
2026-06-09T19:03:01+00:00,30.413098333333334,-87.20903216666666,19:02:59+00:00,35.0,158.0,0.9907,SRP,0.0,30.412264,-87.208642,100
2026-06-09T19:03:12+00:00,30.413097666666665,-87.20903333333334,19:03:10+00:00,122.0,245.0,0.9159,SRP,0.0,30.412718,-87.209978,100
2026-06-09T19:03:14+00:00,30.413097666666665,-87.2090335,19:03:12+00:00,35.0,158.0,0.9994,SRP,0.0,30.412264,-87.208643,100
2026-06-09T19:03:14+00:00,30.413097666666665,-87.2090335,19:03:12+00:00,305.0,68.0,0.9539,SRP,0.0,30.413435,-87.208067,100
2026-06-09T19:03:18+00:00,30.41309783333333,-87.20903416666667,19:03:16+00:00,262.0,25.0,0.9685,SRP,0.0,30.413913,-87.208593,100
2026-06-09T19:03:32+00:00,30.413098833333333,-87.20903483333333,19:03:30+00:00,327.0,90.0,0.9966,SRP,0.0,30.413099,-87.207992,100
2026-06-09T19:03:32+00:00,30.413098833333333,-87.20903483333333,19:03:30+00:00,327.0,90.0,0.8295,SRP,0.0,30.413099,-87.207992,100
2026-06-09T19:03:38+00:00,30.413098,-87.20903466666667,19:03:36+00:00,339.0,102.0,0.7959,SRP,0.0,30.412911,-87.208015,100
2026-06-09T19:03:39+00:00,30.41309783333333,-87.20903466666667,19:03:37+00:00,339.0,102.0,0.9882,SRP,0.0,30.412911,-87.208015,100
2026-06-09T19:03:50+00:00,30.413097666666665,-87.20903433333334,19:03:48+00:00,188.0,311.0,0.9966,SRP,0.0,30.413688,-87.209821,100
2026-06-09T19:03:56+00:00,30.413097666666665,-87.20903433333334,19:03:54+00:00,0.0,123.0,1.0,SRP,0.0,30.412608,-87.20816,100
2026-06-09T19:03:56+00:00,30.413097666666665,-87.20903433333334,19:03:54+00:00,173.0,296.0,0.9804,SRP,0.0,30.413492,-87.209972,100
2026-06-09T19:03:57+00:00,30.4130975,-87.20903416666667,19:03:55+00:00,83.0,206.0,0.9332,SRP,0.0,30.412289,-87.209491,100
2026-06-09T19:03:58+00:00,30.4130975,-87.20903416666667,19:03:56+00:00,172.0,295.0,0.8502,SRP,0.0,30.413478,-87.209979,100
2026-06-09T19:03:59+00:00,30.413097333333333,-87.20903416666667,19:03:57+00:00,83.0,206.0,0.8452,SRP,0.0,30.412289,-87.209491,100
2026-06-09T19:03:59+00:00,30.413097333333333,-87.20903416666667,19:03:57+00:00,172.0,295.0,0.9987,SRP,0.0,30.413477,-87.209979,100
2026-06-09T19:04:00+00:00,30.413097333333333,-87.20903416666667,19:03:58+00:00,0.0,123.0,0.9999,SRP,0.0,30.412608,-87.20816,100
2026-06-09T19:04:01+00:00,30.413097166666667,-87.20903416666667,19:03:59+00:00,0.0,123.0,0.9978,SRP,0.0,30.412607,-87.20816,100
2026-06-09T19:04:02+00:00,30.413097166666667,-87.20903433333334,19:04:00+00:00,0.0,123.0,0.9731,SRP,0.0,30.412607,-87.20816,100
2026-06-09T19:04:02+00:00,30.413097166666667,-87.20903433333334,19:04:00+00:00,0.0,123.0,1.0,SRP,0.0,30.412607,-87.20816,100
2026-06-09T19:04:03+00:00,30.413097166666667,-87.20903433333334,19:04:01+00:00,0.0,123.0,0.998,SRP,0.0,30.412607,-87.20816,100
2026-06-09T19:04:04+00:00,30.413097,-87.2090345,19:04:02+00:00,0.0,123.0,0.9997,SRP,0.0,30.412607,-87.20816,100
2026-06-09T19:04:05+00:00,30.413097,-87.20903466666667,19:04:03+00:00,83.0,206.0,0.999,SRP,0.0,30.412289,-87.209492,100
2026-06-09T19:04:05+00:00,30.413097,-87.20903466666667,19:04:03+00:00,8.0,131.0,1.0,SRP,0.0,30.412507,-87.208248,100
2026-06-09T19:04:06+00:00,30.413096833333334,-87.20903483333333,19:04:04+00:00,8.0,131.0,0.9999,SRP,0.0,30.412507,-87.208248,100
2026-06-09T19:04:07+00:00,30.413096833333334,-87.20903483333333,19:04:05+00:00,83.0,206.0,0.9974,SRP,0.0,30.412289,-87.209492,100
2026-06-09T19:04:08+00:00,30.413096833333334,-87.209035,19:04:06+00:00,8.0,131.0,0.9998,SRP,0.0,30.412507,-87.208248,100
2026-06-09T19:04:08+00:00,30.413096833333334,-87.209035,19:04:06+00:00,8.0,131.0,0.985,SRP,0.0,30.412507,-87.208248,100
2026-06-09T19:04:09+00:00,30.413096833333334,-87.20903516666667,19:04:07+00:00,83.0,206.0,0.9883,SRP,0.0,30.412289,-87.209492,100
2026-06-09T19:04:10+00:00,30.413096666666668,-87.20903533333333,19:04:08+00:00,83.0,206.0,0.9989,SRP,0.0,30.412288,-87.209492,100
2026-06-09T19:04:11+00:00,30.413096666666668,-87.2090355,19:04:09+00:00,304.0,67.0,0.9792,SRP,0.0,30.413448,-87.208076,100
2026-06-09T19:04:15+00:00,30.4130965,-87.209036,19:04:13+00:00,327.0,90.0,0.9735,SRP,0.0,30.413096,-87.207993,100
2026-06-09T19:04:19+00:00,30.4130965,-87.20903633333333,19:04:17+00:00,329.0,92.0,0.9318,SRP,0.0,30.413065,-87.207994,100
